word,meaning
휴면예금,"은행 및 우체국의 요구불 예금, 저축성 예금 중에서 관련 법률에 의해 청구권의 소멸시효(은행예금 5년, 우체국예금 10년)가 완성된 이후에 찾아가지 않은 예금이다"
휴면보험금,"보험계약이 실효되거나 만기되어 보험금이나 환급금 등이 발생하였음에도, 보험계약자가 이를 3년(2015"
회전결제리볼빙,"회원이 사용한 카드 이용대금 가운데 회원이 신용카드사와 약속한  일정 비율(5～10% 이상)의 이용대금을 결제하면, 나머지 금액은 대출 형태로 전환되어 다음 결제대상으로 연장되는 결제방식으로 회원은 신용카드 잔여 이용한도 내에서 계속 사용할 수 있다"
회생정리계획,"회생계획(Recovery Plan)은 위기시 금융회사의 자체 정상화 노력을 통해 건전성을 회복하는 내용의 사전 계획이며, 정리계획(Resolution Plan)은 금융회사의 자체회생이 어려운 상황에서 금융시스템에 미치는 영향을 최소화하면서 회사를 정리하기 위한 사전 계획을 의미한다"
회사에대한조치,회사에 대한 조치란 감사보고서에 대한 감리결과 회사의 회계처리기준 등 법 위반행위가 발견된 경우 증권선물위원회가 취하는 조치를 말한다
회계관련부정행위신고및포상제도,회계관련 부정행위 신고 및 포상제도는 회사의 회계정보와 관련한 부정행위를 일정한 방법에 따라 증권선물위원회 또는 금융감독원장에 신고하고 증권선물위원회가 이를 적발하여 조치하는데 도움이 되었다고 인정하는 자에게 포상금을 지급하는 제도를 말한다
환매청구권풋백옵션,기업공개시 일반청약자가 공모주식을 인수회사에 매도할 수 있는 권리를 말한다
환매조건부매매,"매매당사자 사이에 일방이 상대방에게 유가증권을 일정기간 경과후 일정가액으로 환매수(도)키로 하고 매도(수)하는 거래를 말하며, 일반적인 유가증권 매매와는 달리 유가증권과 자금의 이전이 영구적인 것이 아니라 일시적이라는데 근본적인 특징이 있다"
확정기여형퇴직연금, 「근로자퇴직급여보장법 」에 의해 2005년 12월에 도입된 퇴직연금제도의 한 유형으로서 회사는 퇴직급여 지급을 위한 재원을 외부 금융기관에 적립하고 적립금 운용성과에 따라 근로자가 받을 퇴직급여가 변동되는 제도이다
확정급여형퇴직연금,「근로자퇴직급여보장법 」에 의해 2005년 12월에 도입된 퇴직연금제도의 한 유형으로서 회사는 퇴직급여 지급을 위한 재원을 외부 금융기관에 적립하여 적립금을 운용하고 근로자가 퇴직시 근속연수 등을 고려하여 사전에 확정된 퇴직급여를 금융회사가 연금 또는 일시금 형태로 지급하는 제도이다
혼합자산펀드,"증권, 부동산, 특별자산에 대한 최소투자비율을 적용받지 않는 펀드이다"
협동조합,"공동유대를 같이 하는 농민이나 중소기업인, 소비자들이 자주적으로 결성한 경제적 단체로서 조합원의 원활한 자금융통 및 물자 등의 구매, 생산, 판매, 소비 등을 협동으로 영위함으로서 조합원의 경제적, 사회적 지위를 향상시키기 위해 조직된 단체를 말한다"
혐의감리,"혐의감리란 금융위원회ㆍ증권선물위원회, 검찰 등 국가기관 및 회사의 이해관계자 등이 회계처리기준 또는 회계감사기준 위반혐의 관련정보를 제공한 경우 착수하는 감리업무를 말한다"
현지조치제도,"금융기관에 대한 검사결과 나타난 위법, 부당행위 또는 불합리한 사항 중 그 정도가 경미하여 검사현장에서 직접 조치하는 제도를 말한다"
현금흐름방식보험료산출체계,"현금흐름방식은 종래 산출방식에서 사용하던 위험률, 이자율, 사업비율(3이원) 이외에 해약률, 판매량 등 다양한 기초율을 반영하여 보험료를 산출하는 방식이다"
현선연계불공정거래,"주식, 상품 등 현물시장과 동 자산을 기초자산으로 하는 선물시장을 연계시켜 발생하는 불공정거래행위를 말한다"
헤지펀드,"헤지펀드는 소수의 거액투자자로부터 사모방식으로 모집한 자금을 주식, 채권, 통화, 파생상품 등 다양한 자산에 투자하여 수익을 배분하는 집합투자기구로서, 다양한 투자전략으로 위험을 분산하며 유동성을 공급하는 등 금융시장의 효율성을 제고하는 반면, 고수익ㆍ고위험을 추구하기 위한 단기매매, 공격적 투자행위로 시장의 안정성을 저해하는 양면성을 가지는 펀드이다"
허위과다입원환자일명나이롱환자,"허위,과다입원 환자, 일명 나이롱환자란 입원보험금을 노리고 경미한 질병 등으로 장기간 입원하거나, 병원의 기록상으로만 입원하여 보험금을 편취하는 보험사기 유형을 실무적으로 통칭한 용어를 말한다"
허수주문,증권 등의 시세가 성황을 이루고 있는 듯이 보이게 하거나 일반 투자자로 하여금 그릇된 판단을 유도할 목적으로 진정한 매매의사 없이 매매체결 가능성이 희박한 호가를 대량으로 제시하는 주문을 말한다
핸디지표,"금융산업 및 개별 금융회사의 위기가능성 및 위기수준을 신속하게 점검하기 위해 건전성, 수익성 및 유동성 등 부문에서 선정된 소수의 간편지표로서, 금융감독원 조기경보시스템의 일부로 상시적으로 모니터링하고 있다"
핵심설명서,"현재 금융상품에 대한 많은 정보가 고객에게 제공되고 있음에도 상품설명서의 분량이 많고, 전문용어의 사용으로 내용이 어려워 고객이 설명서를 제대로 읽지 않거나, 실질적인 설명 부족으로 인해 중요내용을 인지하지 못하고 계약하는 불완전판매(mis-selling)문제가 지속적으로 발생하고 있다"
핵심감사제도,핵심감사란 감사인이 회사의 재무제표에 대한 감사를 수행하는 과정에서 회사와 감사인에게 가장 유의한 (most significant) 주의를 요구하는 사항에 대하여 중점적으로 감사하는 것을 말한다
해외선물거래,외국의 선물거래소에서 행하여지는 선물ㆍ옵션거래로서 국내투자자가 해외선물거래를 하고자 하는 경우에는 현행 자본시장법상 장내파생상품 업무인가를 받은 금융투자회사를 통해서만 가능하다
해약환급금,"보험계약의 효력상실, 해약 및 해제 등의 경우에 계약자에게 환급되는 금액을 말한다"
합성선물,옵션을 결합하여 선물을 만드는 것을 말한다
할부금융,"여신전문금융업법상 할부금융이라 함은 재화 및 용역의 매매계약에 대하여 매도인 및 매수인과 각각 약정을 체결하여 매수인에게 융자한 재화 및 용역의 구매자금을 매도인에게 지급하고 매수인으로부터 그 원리금을 분할하여 상환받는 방식의 금융으로 소비자가 일시불로 구입하기 어려운 고가의 내구소비재(자동차 등)나 주택을 구입하고자 할 때, 할부금융회사가 신용에 특별한 이상이 없는 소비자를 대상으로 그 구입자금을 할부금융기관 및 판매자와의 계약에 의하여 구매를 조건으로 필요한 자금을 대여해 주고, 소비자는 할부금융회사에 일정한 수수료를 내고 원금과 이자를 분할,상환하는 금융제도이다"
한도초과보유주주에대한적격성심사,"은행법은 금산분리 원칙에 입각하여 산업자본의 은행지배를 방지하기 위하여 동일인(본인과 특수관계인을 포함)의 은행주식 보유 한도를 설정하고 있는 바, 금융위원회의 승인을 얻어 동 한도를 초과하여 은행주식을 보유하는 자를 한도초과보유주주라고 한다"
한국회계기준원,상장 기업과 외부감사법인의 회계 기준을 만들기 위해 세워진 민간기구이다
한국은행예금보험공사와의공동검사,한국은행 및 예금보험공사와의 공동검사는 금융감독원의 금융기관에 대한 검사에 한국은행 또는 예금보험공사 소속직원이 참여하여 공동으로 실시하는 검사를 말한다
한국공인회계사회,한국공인회계사회는 임의단체인 조선계리사회 및 대한계리사회를 거쳐 1954년 법정단체인 한국계리사회를 설립하여 오늘날에 이르고 있다
필요자본에대한자기자본비율,필요자본에 대한 자기자본비율은 금융지주회사 및 그 자회사 등의 필요자본 합계액에 대한 자기자본 순합계액의 비율로서 금융위원회는 은행지주회사를 제외한 금융지주회사 및 그 자회사 등이 충족해야 할 자본적정성 기준을 ‘필요자본에 대한 자기자본비율 100% 이상’으로 정하고 있다
필라,"Pillar 3은 바젤Ⅱ의 3대 필라 중 하나로서, 공시를 통한 시장규율(Market Discipline) 강화이다"
필라,"Pillar 2는 바젤Ⅱ의 3대 필라 중 하나로서, 은행의 자본적정성 평가시스템 및 동 시스템으로 산출된 평가결과에 대한 감독당국의 점검이다"
핀패드,"고객의 통장개설 신청서, 전표 등에 기재된 비밀번호가 금융회사 직원의 업무처리 또는 전표 폐기과정에서 유출되는 것을 방지하기 위하여, 고객이 거래용지 등에 비밀번호를 쓰는 대신 손으로 직접 입력할 수 있게 하는 장치이다"
핀테크,핀테크는 금융(Finance)과 기술(Technology)의 합성어로 금융과 IT의 융합을 통한 금융서비스 및 금융산업의 변화를 통칭한다
대출정보중개업자,P2P 대출 투자자와 차입자에 대한 대출정보 중개를 업으로 하는 업체로 '온라인대출정보 중개업자'라고 한다
대출정보연계금융회사,P2P 대출정보 중개업자와 연계하여 대출실행 업무를 수행하는 「대부업 등의 등록 및 금융이용자 보호에 관한 법률 」 제2조제1호'에 따른 대부업자 또는 여신금융기관을 '온라인대출정보 연계 금융회사'라고 한다
대출,"온라인상에서 온라인대출정보중개업자의 중개를 통해 투자자(대출로부터 발생하는 원금과 이자에 대한 권리를 취득하려는 자)로부터 조달한 자금을 차입자(대출을 받으려는 자)에게 제공하는 행위를 말하며, 금융위원회는 P2P대출을 이용하는 차입자와 투자자를 보호하고 P2P대출 관련 법령 적용의 불확실성 해소 및 완화를 통해 P2P대출시장의 건전한 발전을 도모하기 위해 'P2P대출 가이드라인'을 마련하여 2017년2월27일(기존 업체의 경우 3개월 유예)부터 시행하고 있다"
피싱,개인정보(Private data)와 낚시(Fishing)의 합성어로 개인정보를 낚는다는 의미
프로그램매매,"프로그램매매는 일반적으로 시장분석과 이에 따른 주문제출 등의 모든 매매과정을 컴퓨터로 처리하는 거래기법을 통칭하는 용어로, 사전에 입력한 조건(매매종목, 시점 또는 호가 등)에 따라 매매의사결정정보를 제공하거나 자동매매주문을 내는 방식으로 활용된다"
품질관리감리,품질관리감리란 감사업무의 품질향상을 위한 감사인의 업무설계 및 운영에 대하여 실시하는 감리업무를 말한다
펀드의비교지수,펀드의 운용성과를 평가하기 위하여 비교대상으로 삼는 기준을 말한다
펀드의보수수수료,"펀드의 보수(fee)ㆍ수수료(commission)는 투자자가 펀드를 취득함에 따라 구입하게 되는 각종 서비스에 대한 대가의 성격을 가지며, 펀드에서 펀드 관련회사에 지속적으로 지급하는 보수와 펀드 투자자가 직접 지급하는 수수료로 구분될 수 있다"
펀드신고서제도,"종전 증권거래법상 집합투자증권(펀드)은 신고서 제출면제 증권이었지만,「 자본시장및금융투자업에관한법률 」 시행으로 펀드 발행시 펀드신고서를 금융감독원에 제출하여 수리되어야 모집 및 매출(판매)이 가능하게 되었다"
펀드환매,펀드의 환매란 펀드에 투자한 투자자가 펀드의 순자산가치대로 자신의 투자지분의 전부 또는 일부를 회수하는 것을 의미한다
펀드판매회사투자매매업중개업자,집합투자업자인 자산운용회사 또는 투자회사등의 집합투자기구(펀드)와 집합투자증권(펀드증권)의 판매계약(투자매매업자) 또는 위탁판매계약(투자중개업자)을 체결하여 펀드증권의 판매(모집ㆍ매출의 주선) 및 환매업무를 영위하는 회사를 말한다
파인,『파인(FINE)』은 금융소비자가 금융거래 과정에서 필요하거나 알아두면 유익한 모든 금융정보를 망라하여 제공하는 금융소비자정보포털이다
파생상품펀드,펀드 재산의 10%를 초과하여 위험회피 이외의 목적으로 파생상품(장내 또는 장외)에 투자하는 펀드를 말한다
파생상품,"파생상품이란 그 가치가 기초상품(underlying instrument, 파생상품의 가치의 근간이 되는 상품)의 가치로부터 파생되는 계약 또는 증권을 말한다"
파생결합증권,"특정 주권, 금리, 통화, 신용위험의 지표 및 일반상품의 가격 변동에 연계하여 투자수익이 결정되는 유가증권으로 그 가치가 기초자산의 가치변동에 의해 결정된다"
파밍,"합법적인 사용자의 도메인을  탈취하거나 도메인 네임 시스템(DNS) 또는 프록시 서버의 주소를 변조함으로써 이용자가 인터넷 '즐겨찾기', 포털사이트 검색, 주소입력 등을 통하여 금융회사 등의 정상적인 홈페이지 주소로 접속하여도 피싱(가짜)사이트로 유도되어 범죄자가 금전 및 개인 금융 정보 등을 몰래 빼가는 사기 수법이다"
특정금전신탁,"신탁회사가 위탁자로부터 수탁받은 자금을 위탁자가 지정한 운용방법, 조건에 따라 운용한 후 운용 수익을 돌려주는 금전신탁을 말한다"
특별자산펀드,특별자산펀드란 펀드재산의 50%을 초과하여 특별자산에 투자하는 펀드를 말한다
특별계정,특별계정이란 보험사업자가 특정보험계약의 손익을 구별하기 위하여 준비금에 상당하는 재산의 전부 또는 일부를 기타재산과 분리하여 별도의 계정을 설정하여 운용하는 것을 말한다
트레이딩포지션,"단기매매 또는 금리, 주가, 환율 등의 가격변동에 따른 단기 매매차익 획득을 목적으로 하는 거래 포지션 등을 말한다"
트라우트,우리나라의 장내파생상품시장에서 큰 손을 일컫는 속어(slang)이다
투자자예탁금,"투자매매업자 또는 투자중개업자가 투자자로부터 금융투자상품의 매매, 그 밖의 거래와 관련하여 예탁받은 금전을 말한다"
투자자문일임업자,"투자자문회사란 투자자문업이나 투자일임업을 영위하는 회사로서 자기자본, 전문인력 확보 등 일정한 요건을 갖추어 금융위원회에 등록하여야 한다"
투자신탁과투자회사,펀드는 법적 형태에 따라 크게 투자신탁과 투자회사로 구분될 수 있다
투자설명서,"증권을 모집 또는 매출할 경우, 발행인은 투자설명서를 작성하여 해당 회사의 본점, 금융위원회, 한국거래소 및 청약사무를 취급하는 장소에 비치하고, 공중의 열람에 제공하여야 한다"
투자권유대행인,금융투자상품에 관한 전문지식 등 일정한 요건을 갖추어 금융위원회에 등록된 자로서 금융투자회사의 위탁을 받아 금융투자상품 판매의 사실상 중개 업무만을 수행하는 자를 말한다
투자권유,"특정 투자자를 상대로 금융투자상품의 매매 또는 투자자문계약, 투자일임계약, 신탁계약(관리신탁계약 및 투자성 없는 신탁계약은 제외)의 체결을 권유하는 것을 말하며, 단순한 상품설명, 특정상품 매매ㆍ계약체결의 권유가 수반되지 않은 단순한 상담 및 금융투자상품의 안내는 투자권유에 해당하지 않는다"
투자계약증권,특정 투자자가 그 투자자와 타인(다른 투자자를 포함) 간의 공동사업에 금전등을 투자하고 주로 타인이 수행한 공동사업의 결과에 따른 손익을 귀속받는 계약상의 권리가 표시된 것을 말한다
퇴직연금제도,퇴직연금제도는 회사로 하여금 퇴직급여 지급을 위한 재원을 외부 금융회사에 적립토록 하고 근로자가 퇴직시 금융회사가 연금 또는 일시금을 지급토록 하는 제도로서 근로자퇴직급여보장법에 의해 2005년 12월에 도입되었다
통합연금포털,국민 스스로 노후준비 상태를 진단하고 안정된 노후를 설계할 수 있도록 구축된 시스템(http://100lifeplan
통합금융감독기구회의,1998년 10월 BIS 산하 국제은행감독자회의(ICBS)에서 호주 건전성감독청(APRA) 의장인 Dr
통정매매,"증권 등의 매매가 성황을 이루고 있는 듯이 잘못 알게 하거나 기타 타인으로 하여금 그릇된 판단을 하게 할 목적으로 서로 다른 행위자간에 일정 수량의 증권 등을 같은 시기, 같은 가격으로 매매할 것을 사전에 통정한 후 매매하는 것을 말한다"
토지신탁개발신탁,부동산의 소유자가 부동산을 개발하기 위한 목적으로 가입하는 신탁을 말한다
테마감리,"감사보고서에 대한 감리 실시시 제무제표 전체가 아닌 특정 회계이슈에 집중하여 심사감리를 실시하는 것으로서, 회계오류에 취약한 분야를 미리 예고하여 재무제표 작성단계에서 신중을 기하도록 유도하고, 해당 분야에 한정하여 집중 점검함으로서 감리업무의 효율성을 제고하기 위해 2014년부터 도입하였다"
타인의사망보험계약,보험계약자가 본인이 아닌 제3자를 피보험자로 하여 보험계약을 체결하고 보험사고가 발생하였을 경우 보험계약자 또는 피보험자가 아닌 제3자가 보험금 청구권을 취득하는 보험을 말한다
타인을위한보험계약,보험계약자가 타인의 이익을 위하여 자기의 이름으로 체결하는 보험계약을 말한다
클라우드컴퓨팅,"정보처리에 이용되는 전산설비를 직접 구축하지 않고, 제 3의 전문업체 등으로부터 인터넷을 통해 필요한 IT자원(소프트웨어, 인프라, 하드웨어 등)을 탄력적으로 제공받아 사용하는 컴퓨팅 환경을 말한다"
크라우드펀딩,"크라우드펀딩은 군중 또는 다수를 의미하는 영어단어「 크라우드(crowd) 」와 자금조달을 뜻하는 「 펀딩(funding) 」을 조합한 용어로, 창의적 기업가를 비롯한 자금수요자가 인터넷 등의 온라인상에서 자금모집을 중개하는 자(온라앤소액투자중개업자)를 통하여 불특정 다수의 소액투자자로부터 자금을 조달하는 행위를 의미한다"
콘탱고백워데이션,선물가격과 선물의 대상자산(현물)과의 가격을 비교하여 상대적인 가격상태를 설명하는 용어이다
컨버젼리버설,옵션으로 만든 합성선물가격과 선물가격과의 상대적인 가격차이를 이용하여 수행하는 차익거래를 말한다
출자전환,출자전환이란 구조조정 대상기업에 대해 금융기관이 보유한 부실채권을 동 기업의 주식으로 전환시키는 것을 말한다
최저보증,"변액보험과 같은 상품의 경우 실적에 따라 보험금이 변동하는데, 실적이 좋은 경우는 상관없지만 만일 실적이 지속적으로 저조할 경우 보험의 본질적 기능을 기대하기 어렵게 된다"
최대예상손실액,리스크를 계량화하는 대표적인 지표로서 JP Morgan에서 최초로 개발하였다
총자산대비순자본비율,"총자산대비순자본비율은 신용협동조합의 경영건전성을 판단하는 지표의 하나로서 은행, 상호저축은행의 자기자본비율 등과 유사한 성격을 가지고 있으며, 조합은 상호금융업감독규정에 따라 총자산대비순자본비율을 2%이상 유지하여야 한다"
총액인수,인수기관이 제3자에게 매도할 목적으로 공모주식 전액을 자기명의로 취득(매입)함으로써 이에 따른 발행위험을 부담하고 발행사무도 담당하는 방법을 의미한다
총비용부담률,"해당 연도에 가입자가 부담한 총비용(운용ㆍ자산관리 수수료 + 펀드 수수료 및 보수 등)을 퇴직연금 평균적립금으로 나누어 계산한 값으로, 적립금 중 퇴직연금 수수료 등의 비용으로 지급한 비용의 비중을 의미"
총부채원리금상환비율,"총부채원리금상환비율(DSR)이란 차주가 보유한 금융부채의 원리금 상환액이 연소득에서 차지하는 비율을 의미하며, 차주의 금융부채 상환부담을 보다 정확하게 판단하고 금융기관의 담보위주 여신심사 관행을 상환능력 평가 위주로 개선하기 위하여 도입되었다"
총부채상환비율,총부채상환비율(DTI)이란 차주의 금융부채 원리금 상환액이 소득에서 차지하는 비율을 의미하는 것으로 담보대출을 취급하는 하나의 기준이다
총보수비용비율,펀드에서 투자를 위해 계속적ㆍ반복적으로 지급되는 제반비용이 펀드의 순자산에서 차지하는 비중을 의미한다
초도감사," 회사가 당해연도 처음으로 외부감사대상법인이 되거나 과거 외부감사대상법인에서 제외되었다가 당해연도 다시 외부감사대상법인이 된 경우, 해당연도의 외부감사를 초도감사라고 한다"
초과배정옵션,"IPO시 당초 공모물량에 대한 초과수요가 존재하는 경우, 대표주관회사가 발행회사의 대주주등으로부터 해당 주식을 차입하여 청약자에게 초과로 배정(당초 공모물량의 15% 범위내)하는 것을 조건으로 그 초과배정 수량에 해당하는 신주를 발행회사로부터 미리 정한 가격(공모가격)으로 매수할 수 있는 권리를 말한다"
청약의권유,"청약의 권유란 신규로 발행되는 증권 취득청약의 권유(모집) 또는 이미 발행된 증권의 매도청약이나 매수청약의 권유(매출)를 통칭하는 것이며, 그 권유받는 자에게 증권을 취득하도록 하기 위하여 신문ㆍ방송ㆍ잡지 등을 통한 광고, 안내문ㆍ홍보전단 등 인쇄물의 배포, 투자설명회 개최, 전자통신 등의 방법으로 증권을 발행 또는 매도한다는 사실을 알리거나 취득의 절차를 안내하는 활동을 말한다"
처분신탁,부동산의 소유자가 부동산을 처분하기 위한 목적으로 가입하는 신탁을 말한다
책임준비금적정성평가, 보험회사에 현재 계약자 몫으로 적립된 책임준비금이 보험회사에 발생할 것으로 예측되는 미래현금흐름 대비 적정한지를 판단하는 부채평가 방식이다
책임준비금,"책임준비금은 보험회사가 보험계약자에게 보험금이나 환급금 등 약정한 사항을 이행하기 위해 적립하는 부채로서 보험료 중 예정기초율에 따라 비용(예정사업비, 위험보험료)을 지출하고 계약자에 대한 채무(사망보험금, 중도급부금, 만기보험금 등)를 이행하기 위해 적립하는 금액을 말한다"
책임보험,피보험자가 보험기간중의 사고로 인하여 제3자에게 손해배상책임을 진 경우에 보험자가 이로 인한 손해를 보상할 것을 목적으로 하는 일종의 손해보험(상법 §719)이다
채무재조정,채무재조정이란 채무자의 현재 또는 장래의 채무변제능력이 크게 저하된 경우에 채권자와 채무자간의 합의 또는 법원의 결정 등의 방법에 의해 채무자의 채무부담을 공식적으로 완화하는 것을 말한다(일반기업회계기준 제 4절 채권ㆍ채무조정)
채무상환능력평가,"채무상환능력평가란 차주가 채무를 갚을 수 있는 능력이 어느 정도인지 평가하는 것으로, 차주의 과거, 현재, 미래의 산업위험, 경영위험, 영업위험, 재무안정성, 현금흐름 등의 요인을 종합적으로 분석하여야 한다"
채권추심업무,"채권자의 위임을 받아서 약정한 기일이내에 채무를 변제하지 아니한 자에 대한 재산조사, 변제의 촉구 또는 채무자로부터의 변제금 수령을 통하여 채권자를 대신하여 상행위로 인한 금전채권, 판결 등에 따라 권원(權原)이 인정된 민사채권, 다른 법률에서 신용정보회사에 채권추심의 위탁을 허용한 채권 등을 행사하는 업무를 말한다"
채권전문딜러,"장외채권시장에서 매도, 매수 양방향 호가를 동시에 제시하는 방법으로 시장조성의무를 부담하는 채권투자매매업자를 의미한다"
채권의준점유자,"채권의 준점유자란 채권자는 아니지만 채권을 사실상 행사하는 자로서, 거래관념상 진정한 채권자라고 믿게 할 만한 외관을 갖춘 자를 말한다"
창업벤처전문경영참여형사모집합투자기구창업벤처전문,"창업,벤처전문PEF는 창업자, 벤처기업, 기술혁신형 중소기업 등에 투자,운용하여 그 수익을 투자자에게 분배하는 것을 목적으로 하는 것으로 2017"
징검다리론,"정책 서민금융상품(새희망홀씨, 햇살론, 바꿔드림론, 미소금융)을 이용한 차주 중 성실상환으로 신용등급이 5등급 이상으로 상향된 경우 기존 새희망홀씨 등 정책 서민금융상품보다 낮은 연 9% 한도의 금리수준으로 은행에서 이용할 수 있는 대출상품으로 새희망홀씨를 취급하는 15개 은행에서만 취급하고 있다"
집합투자재산의보관관리업무,"집합투자재산의 보관, 관리업무는 신탁업자에게 위탁하여야 한다"
집합투자기구평가회사펀드평가회사,"집합투자기구평가회사란 집합투자기구(펀드)를 평가하고 이를 기관, 개인 등 투자자와 집합투자기구 판매회사에게 제공하는 것을 주된 업으로 하는 회사를 의미한다"
집합투자기구펀드,"집합투자기구는 2인 이상에게 투자권유를 하여 모은 금전등을 투자자로부터 일상적인 운용지시를 받지 아니하면서 재산적 가치가 있는 투자대상자산을 취득,처분 등의 방법으로 운용하고 그 결과를 투자자에게 배분하여 귀속시키는 것을 의미한다"
집단대출,일정 자격요건을 갖춘 특정집단의 차주를 대상으로 일괄승인에 의해 취급되는 여신을 말한다
직권재심제도,"직권재심제도는 제재대상자의 권리를 구제하기 위한 목적으로 도입된 제도로서 증거서류의 오류ㆍ누락, 법원의 무죄판결 등으로 그 제재가 위법 또는 부당함을 발견한 경우에 직권으로 직권으로 재차 심사하여 당해 제재조치의 당부를 다시 결정(취소ㆍ변경 등)하는 제도를 말한다"
지정제외점수,증권선물위원회는 감리결과 감사인 중 회계법인의 위반행위에 대하여 조치를 한 경우 당해 위반행위의 정도에 따라 감사인에게 일정한 지정제외점수를 부여하고 이를 감사인 지정시 반영한다
지정거래외국환은행,"일반적으로 환전, 해외송금 등의 외국환거래를 하고자 하는 고객은 자신이 원하는 외국환은행을 자유롭게 선택하여 이용할 수 있으나 외국환거래법규에서는 효과적인 외환관리를 위하여 일정한 거래의 경우, 거래당사자로 하여금 특정 외국환은행을 통해서만 거래하도록 규제하는 경우가 있는데 이를 지정거래외국환은행제도라 한다"
지능형지속공격,다양한 IT기술과 방식들을 이용해 조직적으로 다양한 보안 위협들을 생산해 특정 기업이나 공격대상에 은밀하고 지속적으로 공격을 가하는 일련의 행위를 말한다
지급여력제도,"보험회사는 보험계약자로부터 보험료를 받아 공동 준비재산을 구성, 운용하여 보험사고 발생시 약정한 보험금을 지급할 책임이 있다"
증권펀드,펀드 재산의 50%를 초과하여 증권에 투자하는 펀드를 의미하며 전통적인 펀드상품이다
증권신고서,"증권을 모집 또는 매출의 개시전 금융위원회에 제출해야 하는 서류로서 모집 또는 매출에 관한 사항, 발행인에 관한 사항 등을 기재해야 한다"
증권리스크평가시스템,금감원이 금융투자회사에 대한 리스크중심 감독(RBS: Risk based Supervision)을 수행하기 위해 2008년도에 도입한 리스크평가시스템을 말한다
중요도,중요도란 회계처리기준 또는 회계감사기준 등 위반행위 관련금액 규모비율의 기준비율 대비 배수에 따라 산출된다
중간감독자,"감리결과 발견한 위반행위와 관련하여 공인회계사 주책임자에 대해 등록취소,직무정지 6개월 이상 건의 조치를 하는 경우 담당이사의 지시,위임에 따라 담당공인회계사를 감독할 위치에 있는 공인회계사에 대해서도 중감감독자로서 감사참여자의 전문성 또는 적격성 검토, 담당업무 배정, 감사업무계획 수립, 제반 감사업무 실시과정에서 중요한 사항에 대해 지시,감독업무 소홀로 감사절차 소홀이 발생한 경우, 중간감독자로서 감사업무 등에 대한 검토를 소홀히 하여 감사절차 소홀이 발생한 경우 등에는 필요한 조치를 할 수 있다"
준법감시인,"금융기관의 임직원이 그 직무를 수행함에 있어서 따라야 할 기본적인 절차와 기준을 내부통제기준이라 하며, 준법감시인은 내부통제기준의 준수여부를 점검하고 내부통제기준에 위반하는 경우 이를 조사하여 감사위원회 또는 감사에게 보고할 수 있는 권한을 가진자를 의미한다"
준내부자,자본시장법은 직접적인 회사내부자는 아니지만 당해 법인과의 영업상 또는 직무상의 관계에서 내부정보를 지득(접근)할 수 있는 사람을 준내부자로 규정하여 회사내부자와 동일하게 규제하고 있다
주택담보대출유동화증권,"MBS는 금융기관이 주택을 담보로 장기(만기 10년～30년)로 대출한 주택담보대출(주택저당채권)을 기초자산으로 하여 발행하는 자산유동화증권(ABS)이며, 한국주택금융공사법에 따라 수익증권 형태로 발행되는 경우에는 이를 ‘주택저당증권’(사채형인 경우, ‘주택저당채권담보부채권’)이라고 한다"
주책임자보조책임자,"감리결과 발견한 위반행위와 관련하여 공인회계사에 대해 조치를 하게 되는 경우, 위반행위에 대해 책임질 자는 원칙적으로 감사보고서 및 감사조서에 기재된 바에 따라 주책임자와 보조책임자로 구분하고 있다"
주채무계열,"금융기관(은행 ,  종금 ,  보험 ,  여전)으로부터 제공받은 신용공여금액(전년말 기준)이 금융기관의 전체 신용공여금액(전전년말 기준)의 0"
주채권은행,"주채무계열 및 그 소속기업체에 대하여 금융기관별 여신규모 및 추이, 담보취득액 규모, 해당 기업체의 의견 등을 참작하여 채권은행 상호 협의로 정하는 주된 채권은행을 말한다"
주주배정증자,주주들이 보유한 지분비율대로 발행되는 신주에 대한 인수권을 가지는 발행방법을 말한다
주요사항보고서,사업보고서 제출 대상 법인에 경영·재산 등에 중대한 영향을 미치는 사항이 발생한 때에 이를 지체없이 공시하여 내부자거래를 예방하고 정보비대칭을 해소하며 증권의 공정한 가격형성과 합리적인 투자판단이 이루어지도록 지원하는 제도이다
주식취득승인제도,"상호저축은행업을 영위할 자격이 없는 자가 상호저축은행을 인수함으로써 발생할 수 있는 금융사고 등을 사전에 차단하기 위한 제도로, 종전의 경영권이전 심사제도를 규제완화 차원에서 1998년 폐지한 이후 주식취득신고제도를 도입하여 운영해오던 중 2004년 3월부터 본 제도를 다시 도입하였다"
주식의포괄적교환및이전,주식의 포괄적 교환은 회사간의 주식교환계약을 통해 자회사가 되는 회사의 발행주식총수를 지주회사가 되는 회사로 전부 이전하고 자회사가 되는 회사의 주주들은 지주회사가 되는 회사가 발행하는 신주를 배정받아 지주회사로 전환할 수 있는 상법상의 제도이다
주식워런트증권,장외파생금융상품거래업무를 인가받은 증권회사가 발행하는 옵션으로 특정 주식이나 주가지수를 기초자산으로 한다
주식예탁증서,"국내기업이 발행한 주식을 외국인이 매입하려면 시차문제, 환전문제, 언어사용문제 등 불편함을 감수해야 한다"
주식매수청구권,"주식매수청구권은 주주의 이해관계에 중대한 영향을 미칠 수 있는 기업의 합병ㆍ영업양수도 등이 주주총회에서 결의된 경우 그 결의에 반대했던 주주가 자신의 소유주식을 회사로 하여금 매수하도록 요구할 수 있는 권리를 말하며, 기존 주주 중 합병 등에 반대하는 주주들의 투하자본 회수를 보장함으로써 합병 등이 원활히 진행되도록 하기 위한 제도이다"
주식매수선택권,"주식매수선택권이란 정관이 정하는 바에 따라 주주총회의 특별결의에 의하여 해당 법인의 설립ㆍ경영ㆍ해외영업 또는 기술혁신 등에 기여하거나 기여할 수 있는 해당 법인 또는 해당 법인의 관계회사의 임직원에게 미리 정한 가격으로 해당 법인의 주식을 매수할 수 있도록 부여한 권리를 말하며, 향후 기업가치가 상승할 경우 이에 기여한 임직원에게 기업가치의 증가분을 분배하기 위한 미래지향적 보상수단이다"
주관회사,"증권의 원활한 발행을 위해 증권 분석, 주식의 인수 및 청약업무를 통할하는 금융투자회사를 말하며, 인수업무를 허가받은 증권회사가 대표주관회사로서 이러한 역할을 수행한다"
주가연계증권,기초자산인 특정 주권의 가격이나 주가지수의 변동에 연동되어 투자수익이 결정되는 증권으로 투자자는 발행회사의 운용성과와는 무관하게 주가 또는 주가지수의 움직임에 따라 사전에 약정된 수익률을 얻는 구조로 되어 있다
주가연계예금,주가연계예금은 만기해지시 원금이 보장되면서 주가지수 등 시장지수의 변동에 연동되어 금리가 결정되는 예금을 의미하는 것으로 신규가입 당시 금리가 확정되었던 기존의 정기예금과는 달리 만기에 지수변동률에 따라 금리가 결정되는 구조로 되어 있다
종합재산신탁,"신탁회사가 하나의 신탁계약에 의하여 위탁자가 보유하고 있는 금전, 유가증권, 금전채권, 부동산 등 재산 중 2이상의 재산을 인수하여 이를 관리, 운용, 처분함을 목적으로 하는 신탁을 말한다"
종합금융회사의매출어음,매출어음이라 함은 종금사가 매입 보관하고 있는 할인어음을 고객의 요청에 의하여 매출하는 것으로서 종금사의 배서방법에 따라 담보어음과 무담보어음으로 구분된다
종합금융회사,"종합금융회사는 단기금융업무, 국제금융업무, 설비 또는 운전자금의 투융자업무, 증권의 인수,매출,모집 또는 매출의 주선 등의 업무를 수행하는 금융회사이다"
종합금융투자사업자,"종합금융투자사업자 제도는 신성장 동력기업의 발굴 등 직접금융시장 기능을 활성화하고, 나아가 우리 기업의 해외 대형 프로젝트 수행을 지원할 수 있는 선도적인 투자은행의 출현을 촉진하기 위해 도입되었다"
종류형멀티클래스펀드,"동일한 펀드의 투자자에 대해서는 수익자동등원칙에 따라 상환 및 이익분배에 있어 균등해야함에도 불구하고 펀드에 부과되는 판매 보수, 수수료의 차이가 인정되어 기준가격이 다른 여러 클래스(종류)의 펀드지분을 발행할 수 있는 구조의 펀드를 의미한다"
조회공시,한국거래소가 유가증권의 공정한 거래와 투자자 보호를 위하여 주권상장법인의 기업내용에 관한 풍문 또는 보도의 사실여부의 확인과 당해 상장법인이 발행한 주권 등의 가격이나 거래량에 현저한 변동이 있는 경우 중요한 정보의 유무에 대한 공시를 거래소가 요구하면 당해 상장법인은 이에 응하여 공시하도록 하는 제도이다
조정자기자본비율,비은행 권역의 자기자본 규제제도의 기본적 틀은 은행에 적용되는 BIS기준 자기자본규제 제도를 원용하면서 일부 업종의 경우 권역의 특성을 반영한 특수한 개념의 자기자본 규제제도를 활용하고 있다
조사업무처리절차,"현행 불공정거래 단속 업무체계는 한국거래소가 1차적으로 시장 감시 및 심리업무를 담당하고, 금융감독원은 전문적이고 정밀추적을 요하는 조사업무를, 검찰은 수사를 통해 형사처벌을 담당하는 3각 감시, 감독체계를 유지하고 있다"
조사분석자료,조사분석자료라 함은 명칭여하에 불구하고 특정 금융투자상품의 가치에 대한 주장이나 예측 또는 매매권유내용을 담고 있는 금융투자회사의 일체의 자료를 의미한다
조기경보시스템,금융회사의 경영지표 및 거시경제 변수 등의 자료를 이용하여 금융회사 및 금융 산업의 위기를 사전에 예측하고 이에 선제적으로 대응하기 위한 금융감독 시스템을 의미한다
제재의유형,제재란 금융감독원의 검사결과 금융기관 또는 그 임직원의 위법ㆍ부당행위가 발견될 경우 금융위원회 또는 감독원장이 관련법규에 따라 취하는 조치를 말한다
제재심의위원회,금융회사 및 그 임직원 등에 대한 제재에 관한 사항을 심의하기 위해 「금융기관 검사 및 제재에 관한 규정」 등에 의거 설치된 합의제 기구로서 그 법적 성격은 자문기구이다
제재및징계,"‘제재’라 함은 금융감독기관(금융위원회 또는 금융감독원장)이 검사결과 「금융기관 검사 및 제재에 관한 규정 」등에 따라 금융회사 또는 그 임직원에 대하여 취하는 조치를 말하며, ‘징계’라 함은 당해 금융회사의 장이 그 소속 직원에 대하여 취하는 면직, 정직, 감봉, 견책 등 신분상의 제재조치를 말한다"
제자배정증자,발행회사가 주주의 지분비율대로 신주를 배정하는 것이 아니라 특정인(제3자)에게 신주인수권을 주어 신주를 인수하게 하는 방법이다
제보험,제3보험은 사람이 질병에 걸리거나 재해로 인해 상해를 당했을 때 또는 질병이나 상해가 원인이 되어 간병이 필요한 상태를 보장하는 보험이다
정책성보험,"정책성보험은 정부의 정책목적 달성을 위해 법률에 의하여 제도적으로 도입,운영하는 보험이다"
정보처리업무위탁,"금융위원회는 금융회사가 인가,허가 또는 등록 등을 받은 금융업을 영위함에 있어 정보처리 업무의 위탁 등에 관한 사항을 규정하기 위해 「금융회사의 정보처리 업무 위악에 관한 규정 」규정을 제정(2013년 6월)하였다"
정보차단벽,"협의로는 금융투자회사 내의 서로 다른 사업부서 사이의 미공개중요정보의 흐름을 효과적으로 차단하기 위한 일련의 절차와 기준을 말하며, 광의로는 업무상 이해상충 소지를 해소하기 위해 금융투자회사가 정한 모든 절차와 기준으로서 이해상충소지가 있는 부서 사이의 물리적 분리, 임직원의 사적 거래제한 등을 포괄하는 개념이다"
정보수령자,"회사내부자 또는 준내부자로부터 미공개중요정보를 받은 자로서 친족, 친구, 지인, 기자 등이 이에 해당될 수 있으며 이에 대한 특별한 제한은 없다"
정보보호최고책임자,"금융회사 또는 전자금융업자의 전자금융업무 및 그 기반이 되는 정보기술부문 보안을 총괄하여 책임을 지며 총자산, 종업원 수 등을 감안하여 대통령령으로 정하는 금융회사 또는 전자금융업자는 정보보호책임자를 임원으로 지정하여야 한다"
정밀감리,정밀감리란 감사보고서 감리를 실시함에 있어 심사감리 결과 발견된 특이사항의 법규위반가능성이 높은 경우 그 위반여부를 조사하기 위해 실시하는 감리를 말한다
전환형펀드,공통으로 적용되는 집합투자규약에 의하여 복수의 펀드(집합투자기구)로 구성되는 펀드 그룹을 설정하여 그룹 내의 펀드에 투자한 투자자에게 동일 그룹내 펀드로 전환할 수 있는 권한을 부여한 구조의 펀드를 의미한다
전화금융사기,"사기범이 ① 검,경찰 등의 공공기관 직원을 사칭하거나, ② 가족을 납치했다고 속이거나, ③ 대출을 해주겠다고 접근하는 등 전화를 통해 피해자를 기망하여 금전 또는 개인정보를 탈취하는 사기수법을 말한다"
전자자금이체,지급인과 수취인 사이에 자금을 지급할 목적으로 금융회사 또는 전자금융업자에 개설된 계좌(금융회사에 연결된 계좌에 한한다)에서 다른 계좌로 전자적 장치에 의하여 자금을 이체하는 것을 말한다
전자공시시스템,"국가경제의 핵심인프라인 자본시장의 건전한 발전을 위해 투자판단에 필요한 정보를 적시에 제공함으로써 기업에게는 양질의 자금조달 기회를, 투자자에게는 다양한 투자기회를 제공하는 것이 중요하다"
전문투자자,"금융투자상품에 관한 전문성 구비 여부, 소유자산규모 등에 비추어 투자에 따른 위험감수능력이 있는 투자자를 말하며, 일반투자자에 반대되는 개념이다"
적기시정조치제도,"적기시정조치제도란 금융회사의 자본충실도 및 경영실태평가결과가 미리 정해진 일정기준에 미달하여 경영상태가 심각하게 악화되고 있는 경우 금융감독당국이 기준 미달정도에 따라 경영개선권고, 경영개선요구 및 경영개선명령의 3단계로 구분하여 단계적으로 시정조치를 부과하는 제도이다"
적격기관투자자,투자대상에 대한 정보수집능력 및 위험관리능력이 충분하다고 인정되는 기관투자자를 의미한다
저축은행부동산프로젝트파이낸싱대출자율구조조정,"일시적으로 재무적 어려움을 겪고 있는 PF대출 사업장에 대해 저축은행이 자율적으로 신규자금 지원, 이자감면 등의 채무조정을 통해 조기 정상화를 유도하고자 2007년 5월 저축은행중앙회 주관으로 PF대출 자율  구조조정(Workout) 협약을 마련하였다"
재해복구센터,"대부분의 금융회사 업무가 전산화되어 있어 천재지변, 파업, 전산사고 등으로 인해 전산센터가 마비될 경우 모든 금융서비스가 중단될 수 있으므로 금융회사들은 이러한 비상사태에 대비하여 제3의 장소에 주센터와 유사한 전산시스템을 갖춘 재해복구센터를 구축하여 주센터 마비 시 동 복구센터를 이용하여 실시간으로 서비스를 재개하는 대응체계를 구축하고 있다"
재정검증,"사업자가 확정급여형퇴직연금제도(DB)를 도입한 사용자에 대하여 임금인상률, 퇴직률, 사망률, 적용이율 등을 감안하여 매 사업연도 종료 후 6개월 내 적립금이 최소적립금을 상회하고 있는지 여부를 확인하는 업무 "
재산신탁,신탁회사가 위탁자로부터 금전 이외의 재산을 수탁받아 일정기간 운용한 후 신탁종료시 신탁재산을 수익자에게 교부하는 신탁을 말한다
재보험,재보험이란 재보험사가 대가(재보험료)를 받고 원보험 증권을 발급한 보험회사가 보험증권하에서 지급하게 되는 손해의 전부 또는 일부에 대하여 보상할 것을 약속하는 거래를 말한다
재무보고전용국제표준전산언어,XBRL은 재무보고 전용 국제표준 전산언어로서 컴퓨터가 재무보고 수치의 의미 및 상관관계 등을 정의할 수 있어 재무보고 내용에 대한 정확성 검증 및 심층 분석이 가능하다
재간접펀드,"다른 펀드(집합투자기구)가 발행한 집합투자증권(수익증권, 투자회사 주식 및 외국법령에 의해 발행된 증권으로서 집합투자증권의 성질을 가진 것 포함)에 펀드재산의 40% 이상을 투자하는 펀드를 의미한다"
장마감후거래,"Late Trading이란 집합투자증권의 매수, 환매와 관련하여 펀드의 기준가를 계산하는 시점을 경과하여 매매주문을 하였음에도 그 이전에 주문한 것으로 처리하는 것을 말하는데 이러한 관행은 특정 투자자가 특정시장정보를 기초로 수익증권 매입 또는 환매를 함으로 인해 타 투자자의 이익을 해칠 우려가 있다"
자회사,"금융지주회사법상 자회사란 금융지주회사에 의해 지배(계열회사의 최다출자자가 되는 것)받는 국내,외의 회사를 의미하며,자회사는 금융기관 또는 금융유관회사이어야 한다"
자체신용도,모기업 및 계열사 등의 지원가능성을 제외한 개별기업의 독자적 신용등급이다
자율처리필요사항통보조치의뢰제도,"금융회사의 자율규제기능 강화방안의 일환으로 2004년 4월 도입된 제도로, 당시 '조치의뢰사항'이라는 용어로 도입되었으나 2015년 「금융기관 검사 및 제재에 관한 규정」 개정시 '자율처리필요사항'이라는 용어로 개정되었다"
자산유동화증권,「자산유동화에 관한 법률」에서 정하고 있는 자산유동화증권이란 금융위원회에 등록된 자산유동화계획에 따라 유동화자산을 기초로 하여 발행되는 출자증권ㆍ사채ㆍ수익증권 기타의 증권 또는 증서를 말한다
자산유동화,"자산유동화란 일반적으로 SPV(Special Purpose Vehicle, 특수목적기구 : 회사ㆍ신탁)가 자산보유자로부터 유동화자산을 양도 또는 신탁받아 이를 기초로 유동화증권을 발행하고 해당 유동화자산의 관리ㆍ운용ㆍ처분에 의한 수익이나 차입금등으로 유동화증권의 원리금 또는 배당금을 지급하는 일련의 행위를 말한다"
자산운용보고서,자산운용보고서는 펀드운용결과를 설명하는 보고서로서 자산운용회사는 신탁업자의 확인을 받아 판매회사를 통하여 3개월마다 1회 이상 투자자에게 제공하여야 한다
자산연계형보험상품,자산연계형 보험상품은 특정자산의 운용실적에 연계하여 투자성과를 지급하는 보험상품을 말한다
자산부채종합관리,넓은 의미의 자산부채종합관리는 자산과 부채의 구조를 조정함으로써 금융회사의 리스크 대비 수익을 최적화하여 회사의 가치를 극대화하려는 일련의 관리활동을 의미한다
자산담보부기업어음,"유동화를 위하여 설립된 특수목적회사(SPC)가 매출채권, 리스채권, 회사채 등 자산을 근거로 발행하는 기업어음(CP)이다"
자산건전성분류협의조정,자산건전성분류 협의조정이란 미래상환능력에 의한 건전성분류기준(FLC)적용과 관련한 금융회사간 건전성분류의 객관성과 일관성을 유지하기 위하여 동일 차주에 대해 금융회사간 건전성분류가 상이한 경우 이를 검사각국간 협의하여 조정(이하“협의조정”이라 한다)하는 업무이다
자본시장의불공정거래행위,"일반적으로 증권의 발행, 유통과정 또는 파생상품 거래과정에서 「자본시장과 금융투자업에 관한 법률」(이하, 자본시장법)이 요구하는 각종 신고ㆍ보고ㆍ공시 의무를 이행하지 않고 매매, 그 밖의 거래를 하는 행위 또는 자본시장법에서 규제하고 있는 금지의무를 위반하여 부당이득을 취득하기 위해 금융투자상품을 거래하는 일체의 행위를 말한다"
자본보전완충자본,자본보전 완충자본은 지난 글로벌 금융위기 과정에서 은행들이 재무건전성이 악화되고 있는 상황에서도 이익배분을 지속함으로써 자본충실도의 악화를 초래하였다는 문제의식에서 출발한다
자동차보험할인할증제도,"사고위험도가 각기 다른 보험가입자들에게 각자의 사고위험에 맞는 적정한 보험료를 산정하여, 보험가입자간의 위험 전가를 최소화 하고 공평한 보험료 부담을 실현하기 위한 제도이다"
자동차보험,"자동차보험은 피보험자가 자동차를 소유, 운행, 사용 또는 관리하는 동안 발생한 사고로 인하여 피보험자가 입은 손해를 보험회사가 보상하는 것을 목적으로 하는 보험이다"
자동갱신제도,보험계약기간의 만료시점에 보험계약자가 보험계약을 갱신하고 싶지 않다는 명시적인 의사표시가 없는 경우에 자동으로 동일한 계약내용을 동일 기간동안 연장하는 제도이다
자기주식취득,자기주식은 자기가 발행한 주식을 취득하여 보유하고 있는 주식이다
자기부담금제도,자기차량의 수리를 위해 자동차보험의 자기차량손해 담보를 이용하여 보험처리를 하는 경우 발생한 손해액(수리비 등)의 일부를 차주가 직접 부담하는 제도이다
자금중개회사,"자금중개회사는 금융기관간 콜자금 거래의 중개 및 대차, 단기자금거래의 중개 및 대차, 채권매매의 중개, 금 중개 및 외국환거래법에 의한 외국환 중개업무 등을 수행하는 금융회사이다"
자금세탁방지제도,"자금세탁방지(Anti-Money Laundering, AML) 제도는 금융기관 등을 이용한 범죄자금의 세탁행위를 예방함으로써 건전한 금융거래질서를 확립하고 조직범죄, 마약범죄 등 반사회적인 중대범죄의 확산을 방지하기 위해 금융제도, 사법제도 및 국제협력을 연계하는 종합관리시스템을 구축 운영하는 것을 말한다"
자금세탁방지국제기구,FATF(Financial Action Task Force)는 자금세탁을 방지하고 테러자금 조달을 차단하기 위해 1989년에 선진 7개국(G7)이 합의해 설립한 국제기구로서 현재 35개국이 가입되어 있다
임의재보험과특약재보험,임의재보험은 출재사(원수보험사)가 개별 원보험계약 단위로 재보험사에 인수를 제의하며 재보험사는 그 계약의 인수여부를 결정하는 재보험 거래형태를 말한다
임원보수공시,"정기공시사항의 하나로, 자본시장법은 이사, 감사 전체의 보수총액, 1인당 평균 보수액, 보수지급기준 등을 공시하도록 하고 있다"
임원등의특정증권등의소유상황보고,"주권상장법인의 임원 또는 주요주주는 임원 또는 주요주주가 된 날부터 5일 이내에 자기의 계산으로 소유하고 있는 특정증권등의 소유상황을, 그 특정증권등의 소유상황에 변동이 있는 경우에는 그 변동이 있는 날부터 5일까지 그 내용을 증권선물위원회와 한국거래소에 보고하여야 한다"
일회용비밀번호생성기,OTP는 전자금융거래시마다 새로운 비밀번호를 사용함으로써 비밀번호 유출로 인한 사고를 방지하기 위해 사용하는 보안수단이다
일중매매거래,"동일 종목의 주식, 주식워런트증권, 주식관련선물을 매수한 후 동 일자에 매도하거나, 매도한 후 동 일자에 매수함으로써 해당 주식, 주식워런트증권, 주식관련선물의 일중 가격등락의 차액을 얻을 목적으로 행하는 매매거래를 말한다"
일반사무관리회사,투자회사의 위탁을 받아 투자회사의 운영업무를 담당하는 회사를 말한다
일반기업회계기준,"일반기업회계기준은 「주식회사의 외부감사에 관한 법률 」의 적용대상기업 중 한국채택국제회계기준(K-IFRS)에 따라 회계처리하지 아니하는 기업의 회계와 감사인의 감사에 통일성과 객관성을 부여하기 위하여 종전의 기업회계기준을 수정,보완하여 제정한 편람식 회계기준이다"
일반공모증자,주식을 발행할 때 불특정다수의 일반투자자로부터 신청을 받아 공정한 가격으로 신주를 발행하는 방법을 말한다
일괄신고제도,"동일한 종류의 증권을 지속적으로 발행하는 회사가 향후 일정기간동안 발행예정인 동종의 증권을 금융위원회에 일괄하여 사전에 신고하고, 실제 발행시 발행금액, 가격 등 모집의 조건을 기재한 ‘추가서류’의 제출만으로 증권신고서를 제출한 것과 동일한 효과를 갖도록 하여 모집ㆍ매출을 원활하게 할 수 있도록 하는 제도이다"
사전속제도,"금융상품의 모집행위와 관련하여 모집인(대출모집인, 보험설계사, 카드모집인 등)이 1개의 금융회사와만 모집 위탁계약을 체결하도록 하는 제도이며, 모집행위를 위탁한 금융회사의 관리감독 책임을 명확히하여 모집인의 불건전영업행위를 방지하려는 취지로 도입되었다"
사교금융교육,"전국의 금융회사 점포가 인근 초, 중, 고교와 자매결연(교육기부 협약)을 맺어 학생들에게 체험교육, 방문교육 등 다양한 형태의 금융교육을 매학기 지속적으로 실시하는 프로그램이다"
인프라펀드,집합투자재산을 사회기반시설사업(민간투자사업)을 영위하는 법인에 투자하여 그 수익을 투자자에게 배분하는 것을 목적으로 하는 펀드를 말한다
인터넷전문은행,인터넷전문은행은 금융과  ICT 부문간 융합을 통한 혁신적인 금융서비스 제공이라는 목표를 가지고 전자금융거래의 방법으로 은행업을 영위한 것을 조건으로 인가받은 은행을 의미한다
인슈어테크,"보험(Insurance)과 기술(Technology)의 합성어로, 보험산업에 변혁을 가져올 수 있는 새로운 기술과 사업모델을 지칭한다"
인수회사,"제3자에게 증권을 취득시킬 목적으로 증권의 전부 또는 일부를 취득하는 등의 인수업무를 영위하는 회사를 말하며, 주로 증권회사가 이 역할을 수행하여 증권의 발행이 원활하게 이루어질 수 있도록 한다"
인수합병,M&A는 합병(Merger)과 인수(Acquisition)가 합성된 용어로서 경영지배권에 영향을 미치는 일체의 경영행위를 의미한다
인덱스펀드,증권시장의 장기적 성장 추세를 전제로 하여 주가지표의 움직임에 연동되게 포트폴리오를 구성하여 운용함으로써 시장의 평균 수익을 실현하는 것을 목표로 하는 펀드를 말한다
익스포져,"익스포져는 리스크에 노출되어 있는 금액을 의미하는 것으로 노출된 리스크의 유형에 따라 시장리스크 익스포져, 신용리스크 익스포져 등으로 구분된다"
이자율최고한도,「대부업의 등록 및 금융이용자 보호에 관한 법률 」은 대부업자 및 여신금융기관이 수취하는 이자의 이자율을 제한하고 있다
이의신청제도,"금융위원회 또는 금융감독원의 제재처분 또는 조치요구(이하 이들을 합하여 ""제재처분 등""이라고 함)를 받은 금융기관 또는 그 임직원이 동 제재처분 등을 위법 또는 부당하다고 판단하는 경우 금융위원회 또는 금융감독원에 대하여 동 제재처분 등의 취소 또는 감경을 신청하는 제도이다"
의료비비례보상제도,"의료비 비례보상제도란 피보험자가 상해 또는 질병으로 인해 의료기관에서 치료받게 됨으로써 발생하는 비용(의료비)을 보상하는 보험계약에 있어, 다수의 상품에 중복가입 하더라도 피보험자가 실제 부담한 의료비 이상은 보상되지 않고 피보험자가 부담한 의료비를 보험사간 비례분담하는 제도이다"
의결권대리행사권유,"의결권대리행사 권유제도는 다수의 의결권을 확보할 목적으로 의결권 행사를 위임하도록 하는 경우 피권유자인 주주에게 의결권대리행사에 필요한 정보가 정확하게 제공되도록 권유절차ㆍ방법 등을 규정하고, 그 내용을 공시하도록 하는 제도이다"
을기금,을기금은 외국은행 국내지점에 대한 은행법상의 영업규제와 관련하여 자기자본을 확대해 줌으로써 여신 기능이 원활히 수행될 수 있도록 하기 위한 명목상의 자본금을 의미한다
은행지주회사의총자본비율,은행지주회사의 총자본비율은 은행지주회사의 연결재무제표를 기초로 하여 산출한 은행지주회사 및 그 자회사 등의 자기자본을 위험가중자산으로 나눈 비율을 말하며 은행그룹이 보유하고 있는 자산의 위험에 대한 완충장치로서 자기자본을 얼마만큼 보유하고 있는지를 나타내는 계량지표로서 2007년 1월 1일부터 자본적정성 규제 기준으로 적용되었다
유통계신용카드업자,백화점과 같이 사업의 성격상 신용카드업 겸영 필요성이 인정되어 금융위원회에 등록한 자로서 자사 매장에 한하여 신용판매 업무를 영위하는 회사를 말한다
유엔환경계획금융이니셔티브,"1992년 리우정상회담에서 ""지속가능한 발전(Sustainable Development)""에 대한 전세계적 합의가 형성이 되면서 Deutsche Bank, UBS와 같은 선진금융기관의 제안으로 설립되었다"
유사투자자문업자,"불특정다수인을 대상으로 발행 또는 송신되고, 불특정 다수인이 수시로 구입 또는 수신할 수 있는 간행물, 출판물,  통신물 또는 방송 등을 통하여 투자자문회사 외의 자가 일정한 대가를 받고 영위하는 투자조언을 영업으로 하는 자를 의미한다"
유사수신,"관련법령에 의한 인가, 허가를 받지 아니하거나 등록,신고 등을 하지 아니하고 불특정다수인으로부터 장래에 출자금의 전액 또는 이를 초과하는 금액을 지급할 것을 약정하고 출자금을 수입하는 행위, 장래에 원금의 전액 또는 이를 초과하는 금액을 지급할 것을 약정하고 예금, 적금, 부금, 예탁금 등의 명목으로 금전을 수입하는 행위, 장래에 발행가액 또는 매출가액 이상으로 재매입할 것을 약정하고 사채를 발행하거나 매출하는 행위, 장래의 경제적 손실을 금전 또는 유가증권으로 보전해 줄 것을 약정하고 회비 등의 명목으로 금전을 수입하는 행위를 통한 자금조달을 업으로 하는 것을 말한다"
유사보험,"유사보험은 위험을 담보로 한다는 점에서는 보험과 동일하지만, 특정지역 및 업종에 종사하는 조합원을 대상으로 소규모의 형태로 위험담보기능, 금융기능 등의 상호부조적 성격을 갖는다는 점에서 금융감독이 아닌 소관부처의 감독을 받으면서 운영되고 있다"
유동성커버리지비율,단기 유동성커버리지비율(LCR)은 30일간의 잠재적인 유동성 위기상황에 대처할 수 있도록 제약조건이 없이 활용 가능한 고유동성자산을 충분히 보유토록 한 지표이다
유동성공급자,유동성공급자는 일정시간 동안 일정한 범위내의 호가가 없는 경우 의무적으로 매수 또는 매도호가를 제시함으로써 유동성 부족으로 인한 거래부진을 해소하기 위해 도입되었다
위험기준지급여력제도,"금융감독원은 리스크중심의 재무건전성 감독이라는 국제적 추세에 부응하고, 급변하는 보험환경변화에 선제적으로 대응하기 위해  1999년부터 운용중이던 EU방식의 단순한 지급여력제도를 전면 개편하여 '09년 RBC제도를 도입하였으며, 2년간의 시범운용을 거쳐  2011"
위험가중자산,BIS 자기자본비율 산출시 분모에 해당하는 자산부분으로 대차대조표상의 자산계정의 단순합이 아니라 은행의 실질적인 리스크를 반영하기 위해 각 익스포져에 해당 익스포져의 위험 정도를 반영한 위험가중치를 적용한 합산금액이다
위탁감리위원회,"한국공인회계사회가 증권선물위원회로부터 위탁받은 감리업무를 수행하기 위하여 설치한 위원회로서, ① 한국공인회계사회회장의 추천에 의해 평의원회의 동의를 얻어 회장이 임명하는 자(위원장), ② 금융위원회 4급이상 공무원 중에서 공인회계사제도에 관한 업무를 담당하는 자 1명, ② 금융감독원 국장 중에서 회계관련 감리업무를 담당하는 자 1명, ③ 감리조사위원회위원장, ④ 한국회계기준위원회 상임위원, ⑤ 회장이 이사회의 동의를 얻어 위촉하는 공인회계사 1명, ⑥ 한국회계학회가 추천하는 대학교수 1명, ⑦ 대한상공회의소가 추천하는 자 1명, ⑧ 기업회계 및 회계감사업무에 전문지식이 있는 변호사 1명 등 총 9명의 위원으로 구성된다"
위탁감리,위탁감리란 「주식회사의 외부감사에 관한 법률」에 따른 증권선물위원회의 감리업무 중 일부를 한국공인회계사회에 위탁하여 실시하는 감리업무를 말한다
원화유동성비율,"고객의 예금청구에 대한 지급, 기타 채무의 상환 및 신규대출취급, 경영에 필요한 자산의 취득과 적정한 성장에 필요한 자금 등 은행의 자금수요에 적절히 대처할 수 있는 능력인 유동성의 정도를 나타내는 비율을 말한다"
운영리스크,"바젤위원회의 정의에 따르면 운영리스크는 부적절하거나 잘못된 내부의 절차, 인력, 시스템 및 외부사건으로 인해 발생하는 손실리스크를 의미하며 측정이 가능한 법률리스크는 운영리스크에 포함되나 측정이 곤란한 전략리스크와 평판리스크는 제외된다"
우회상장,"우회상장은 법규상 공식적인 용어는 아니나, 비상장기업이 상장기업과의 결합 등을 통하여 상장심사, 공모 등 정식 상장절차를 거치지 않고 상장되는 것을 의미한다"
외화유동성비율,"금융기관의 외화유동성 부족으로 인한 대외지급불능 사태에 대비하기 위해 감독당국이 설정한 최소기준으로 3개월 이내 외화유동성비율 및 만기불일치 비율(7일,1개월), 중장기 외화자금관리비율 등 3가지로 구성되어 있으며, 구체적 적용 내용은 은행, 보험, 금투 등 권역별로 상이하다"
외화유동성커버리지비율,외화 유동성커버리지비율(LCR)은 30일간의 잠재적인 외화유동성 위기상황에 대처할 수 있도록 순현금유출에 대비하여 제약조건이 없이 활용 가능한 고유동성 외화자산을 충분히 보유토록 한 지표이다
외부감사인지정,외부감사인 지정은 공정한 감사가 필요한 기업의 감사인을 증권선물위원회가 지정해 주는 제도이다
외부감사인유지제도,자유수임제도 하에서 회사의 감사인에 대한 교체압력을 방지하고 감사인의 독립적이고 공정한 감사를 위해 마련된 제도이다
외부감사인교체제도,동일한 감사인이 감사를 계속했을 때 나타날 수 있는 회사와 감사인의 유착관계 및 회계 부정을 방지하기 위해 마련된 제도이다
외부감사인, 「주식회사의 외부감사에 관한 법률」」 제2조에 따라 자산규모가 큰 주식회사나 상장된 주식회사는 독립된 외부의 감사인으로부터 회계감사를 의무적으로 받아야 한다
외부감사대상법인, 「주식회사의 외부감사에 관한 법률」」 제2조에 따라 반드시 회계감사를 받아야 하는 법인을 의미한다
외국환포지션,외국환포지션은 일정시점에서 외국환은행 및 기업 등이 보유하고 있는 외화표시 자산과 부채의 차액을 말하며 다음과 같이 구분된다
외국인투자등록," 「금융투자업규정」(금융위원회 규정)에 따르면, 외국국적 보유자로서 국내에 6개월 이상 주소 또는 거소를 두고 있지 아니한 개인 및 외국법인 등이, 유가증권시장 또는 코스닥시장에 상장된 증권에 투자하거나 당해 시장에 상장하기 위하여 모집ㆍ매출하는 증권을 최초로 취득 또는 처분하고자 하는 경우, 사전에 본인의 인적사항 등을 금융감독원에 등록하여야 하며 이를 외국인 투자등록이라 한다"
외국인통합계좌,"외국인 통합계좌는 외국인 투자자가 손쉽게 거래할 수 있도록 글로벌 자산운용사,증권사가 다수 투자자의 매매를 통합하여 매매,결제가 단일 계좌에서 통합적으로 이루어지는 계좌를 뜻한다"
완충자본,완충자본이란 위기상황에서도 최저 자본비율을 유지하고 자기자본규제의 경기순응성을 완화하기 위해 도입될 자본적립기준이다
옵션리스크,"금융회사는 장외시장에서 고객들에게 옵션을 매도한 후, 옵션에 대한 위험을 관리(헤지)해야 한다"
옵션,옵션은 특정한 자산을 미리 정해진 계약 조건에 의해 사거나 팔 수 있는 권리를 의미한다
옴부즈만제도,"금융감독원은 2009년 3월 감독, 검사 과정에서 발생하는 불평, 불만 사안 등을 해당부서가 아닌 제3자의 입장에서 독립적으로 조사, 처리(자문)하는 옴부즈만 제도를 도입하였고, 2016년 6월 옴부즈만의 직무범위를 확대하는 등 제도를 전면 개편하였다"
오픈,"API(Application Programming Interface)란 운영체제나 프로그래밍 언어가 제공하는 기능을 제어할 수 있게 해주는 다양한 인터페이스를 의미하며, 이를 사용해 응용프로그램을 작성하는데 활용할 수 있다"
보고주식등의대량보유상황보고,주권상장법인의 주식 등을 5% 이상 보유하게 되거나 이후 보유비율이 1% 이상 변동된 경우 또는 보유목적 등이 변경된 경우 그 날부터 5일 이내에 그 보유상황 등을 금융위원회와 한국거래소에 보고하여야 한다
예금인출사태,"예금인출사태(뱅크런)는 은행이 기업에 대출해 준 돈을 돌려받지 못한다거나, 주식 등의 투자 행위에서 손실을 입어 부실해지는 경우, 은행에 돈을 맡겨 두었던 예금주들이 한꺼번에 돈을 찾아가는 것을 의미한다"
영업용순자본비율,영업용순자본비율제도는 증권회사의 파산시 고객 및 이해관계자를 보호하기 위하여 1997월 4월 1일부터 도입된 자기자본 규제제도이다
영업연속성계획,"영업연속성계획(BCP)이란 은행에 테러, 화재 등 대형사고가 발생할 경우에도 영업의 연속성을 유지하기 위한 물적ㆍ인적 자원과 체계를 의미한다"
연성보험사기,"연성보험사기(軟性保險詐欺)란 ‘기회사기(Opportunity fraud)’라고도 하며, 보험계약자 또는 보험금 청구권자가 보험금 청구를 위해 보험사고를 과장,확대하거나 보험계약 가입 또는 갱신 시 거짓정보를 제공함으로써 낮은 보험료 납입, 보험계약을 체결 할 수 없는 거절체에 대하여 보험인수 가능성을 높이는 행위 등을 말한다"
연명보고,"본인과 특별관계자가 함께 대량보유 상황보고를 하는 경우에 보유 주식등의 수가 가장 많은 자를 대표자로 선정하여 보고하는 것으로, 특별관계자는 그 대표자에게 보고를 위임한다는 뜻을 기재한 위임장을 제출하고 대표자는 동 위임장 사본을 최초 연명보고시 금융위에 제출하여야 한다"
역외펀드와역내펀드,펀드는 근거법률에 따라 역외펀드와 역내펀드로 구분된다
역외보험거래,"국내 거주자는 누구든지 보험회사가 아닌 자와 보험계약을 체결하거나 이를 중개 또는 대리하지 못하도록 하고 있으나, WTO 및 OECD가입 이후 보험업법에서 허용하는 종목에 한해서는 국경간 보험거래를 허용하였다"
역선택과도덕적위험," 보험의 역선택이란, 건강에 자신이 없는 사람이나 위험 직업군에 속하는 직업을 가진 사람 등 리스크가 높은 계약자가 보험금을 노리고 일부러 상품에 가입하는 것을 말한다"
여신전문출장소,"상호저축은행 여신전문출장소란 대출, 어음할인 업무와 동 업무에 직접적으로 관련이 있는 업무(대출거래자에 대한 보통예금의 신규, 입출금, 해약, 통장관리 및 증명서 발급업무 등) 및 공과금 수납업무를 취급하는 상호저축은행의 소규모 점포를 말한다"
여신전문금융업,"여신전문금융업은 신용카드업, 시설대여업(리스업), 할부금융업, 신기술사업금융업을 포괄하는 의미이며 당초 업별 근거법이 나누어져 있었으나 1997년 8월 「여신전문금융업법 」의 제정으로 이들 4개의 금융업이 여신전문금융업으로 통합되면서, 지급결제기능을 가진 신용카드업의 경우에만 신용질서의 유지를 위하여 허가제를 유지하고 진입규제의 필요성이 크지 않은 시설대여업,할부금융업,신기술사업금융업의 경우에는 등록만으로 동 사업을 영위할 수 있도록 등록제로 전환하였다"
여신금융기관,「대부업의 등록 및 금융이용자 보호에 관한 법률 」제3조(정의)는 여신금융기관에 관하여 ‘다른 법령에 의하여 인가 또는 허가 등을 받아 대부업을 영위하는 금융기관을 말한다’라고 규정하고 있다
여신감리,"여신감리업무는 여신심사 및 승인업무, 상시모니터링 및 신용등급조정 등의 여신사후관리업무가 은행의 여신정책과 일치하는지를 평가하고 잘못된 부분을 시정하여 전체적으로 여신업무 운영의 일관성을 유지하도록 하는 일종의 내부통제업무이다"
,"MMDA는 미국의 은행이 투자신탁회사의 단기금융상품인 MMF(money market funds)에 대응하기 위해 도입한 상품으로 은행이나 농협, 수협이 취급하는 저축성예금을 의미한다"
보험사기조사기법,"방대한 양의 보험계약 및 보험사고 관련 데이터를 바탕으로 상호간의 관계성을 시각화하여 혐의그룹을 자동으로 추출하고, 혐의그룹 내의 중요한 위치에 속한 개체(개인, 설계사, 병원 등)을 찾아내는 조직형 보험사기를 분석하는 기법이다"
업무집행책임자," 「금융회사의 지배구조에 관한 법률 」상 업무집행책임자란, 이사가 아니면서 명예회장, 회장,부회장,사장,부사장,행장,부행장,부행장보,전무,상무, 이사 등 업무를 집행할 권한이 있는 것으로 인정될 만한 명칭을 사용하여 금융회사의 업무를 집행하는 사람을 말한다"
업무위탁,업무위탁(Outsourcing)이란 금융기관이 인ㆍ허가를 받거나 등록을 한 금융업을 영위하기 위하여 제3자의 용역이나 시설을 계속적으로 활용하는 행위를 말한다
액션바이어스,특정 직업에 종사하는 자는 자신의 직업과 관련된 의사결정시 직업의 역할을 강조하는 쪽으로 액션을 취한다는 것이다
알고리즘트레이딩,"가격, 수량 등의 매매조건을 미리 설정하고, 주가 등 시장정보 또는 해당 기업의 재무적인 정보 등이 해당조건 충족시 자동으로 주문을 제출하는 매매를 말한다"
리스크,"IT리스크는 IT시스템이 금융회사 업무를 적시에 적절히 지원하지 못하거나, IT시스템으로 처리하는 정보의 오류, 변조, 파괴 및 유출, IT관련 사고 등으로 예기치 못한 손실을 입을 위험을 의미한다"
카드,현금카드 등에 반도체 메모리 기억소자(IC메모리)를 장착하여 대용량의 정보를 담을 수 있는 전자식 카드를 말한다
아시아보험감독자포럼,"아시아보험감독자포럼(AFIR)은 아시아의 보험산업 발전, 감독역량 강화 등에 관한 경험을 공유하고 아시아 보험산업 현안에 대한 해결방안을 공동으로 모색하고자 2005년에 설립되었다"
제도,"CPC 제도란 금융회사에 대한 자료징구 담당자(CPC : Central Point of Contact)를 지정하여 접촉창구를 일원화하고, 동 담당자를 통해서만 금융회사로부터 자료를 징구토록 하여 금융회사의 부담을 경감시키고자 하는 제도이다"
,"본래 CMA는 종합금융회사가 고객으로부터 예탁받은 금전을 어음 및 채무증서 등에 운용하고, 그 수익을 고객에게 지급하는 수시입출금이 가능한 금융상품을 지칭하는 용어로 과거부터 종금사에서 사용하고 있었다"
보험,"종신(정기)보험형태로써 암, 심근경색, 5대 장기이식수술 등 고액의 치료비가 드는 중대한 질병 발병시에 사망보험금의 일부(예:50~80%)를 선지급하는 보험을 말한다"
심사감리,심사감리는 감리대상기업의 재무제표에 특이사항이 있는지 또는 그 특이사항이 법규위반가능성이 높은 사항인지를 점검하기 위한 목적으로 수행하는 감리업무를 말한다
실적배당원칙,펀드는 전문적인 투자관리자에 의한 운용결과가 그대로 투자자에게 귀속이 되는 실적배당상품으로서의 특징을 갖는다
실손의료보험,"가입자가 질병,상해로 입원하거나 통원 치료를 받은 경우 실제 부담한 의료비를 보험사가 보상하는 상품으로, 국민건강보험법에서 정한 요양급여(또는 의료급여법에서 정한 의료급여) 중 본인부담금과 비급여의 합계액에서 자기부담금을 공제한 금액을 보상하는 민영보험상품이다"
실무의견서,「재무보고 등에 관한 실무의견서 」는 금융감독원의 업무수행과정에서 회계처리기준 또는 회계감사기준의 적용과 관련하여 인지한 중요 쟁점사항을 요약ㆍ정리하여 발표하는 금융감독원 실무자의 의견이다 
신탁,"신탁을 설정하는자(이하 ""위탁자"")와 신탁을 인수하는자(이하 ""수탁자"") 간의 신임관계에 기하여 위탁자가 수탁자에게 특정의 재산을 이전하거나 담보권의 설정 또는 그 밖의 처분을 하고 수탁자로 하여금 일정한 자(이하 ""수익자"")의 이익 또는 특정의 목적을 위하여 그 재산의 관리, 처분, 운용, 개발, 그 밖에 신탁 목적의 달성을 위하여 필요한 행위를 하게 하는 법률관계를 말한다"
신종자본증권,법적으로는 상법상 사채이지만 계약조건의 내용에 따라 회계상 자본으로 인정되는 복합적 성격의 증권이다
신용협동조합의공제사업,"신용협동조합 중앙회가 공제계약자로부터 공제료를 받고 일정기간내에 미리 약정한 공제사고의 발생에 대하여 공제금을 지급하는 사업을 의미하며 조합원의 경제적,사회적 지위 향상 및 지역경제 발전에 기여함을 목적으로 한다"
신용협동조합예금자보호기금,신용협동조합의 조합원 등이 납입한 예탁금 및 적금 등의 환급을 보장하고 조합의 건전한 육성을 도모하기 위하여 신협중앙회에 설치된 예금자보호기금을 말한다
신용평가회사역량평가,금융투자협회는 신용평가회사에 대한 시장 규율 강화를 위해 2017년부터 신용평가회사의 신용평가 역량을 평가하고 그 결과를 발표한다
신용평가,"금융투자상품, 기업, 집합투자기구 등에 대한 신용상태를 평가하여 그 결과에 대하여 기호, 숫자 등을 사용하여 표시한 등급을 부여하고 그 신용등급을 발행인, 인수인, 투자자 등에게 제공하거나 열람하게 하는 행위를 의미하며, 신용정보를 수집, 처리하여 의뢰인의 조회에 따라 신용정보를 제공하는 ‘신용조회’와는 구별되는 개념이다"
신용파생상품,기초자산인 대출 및 회사채 등에 내재된 신용위험의 일부 혹은 전부를 기초자산과 분리하여 거래당사자간에 이전하는 금융거래계약 형태의 금융상품을 말한다
신용카드할인카드깡,"물품의 판매 또는 용역의 제공 등을 가장하여 신용카드에 의한 거래를 하거나 이를 대행하게 하는 행위, 실제 매출금액을 초과하여 신용카드에 의한 거래를 하거나 이를 대행하게 하는 행위 및 신용카드회원으로 하여금 신용카드에 의하여 물품ㆍ용역 등을 구매하도록 한 후 신용카드회원이 구매한 물품ㆍ용역 등을 할인하여 매입하는 행위를 통하여 자금을 융통하여 주거나 이를 중개ㆍ알선하는 것을 신용카드할인(카드깡)이라고 한다"
신용정보집중기관,신용정보의 유통·이용을 촉진하기 위해 「신용정보의 이용 및 보호에 관한 법률」은 신용정보집중기관제도를 두고 있다
신용정보제공이용자,"신용정보제공·이용자는 고객의 금융거래 등 상거래를 위해 본인의 영업과 관련하여 얻어지거나 만들어낸 신용정보를 타인에게 제공하거나 타인로부터 제공받아 영업에 이용하는 자, 그밖에 이에 준하는 자로  포괄적으로 정의되고 있다"
신용정보업,"신용정보업은 신용조회업무, 신용조사업무, 채권추심업무 및 그에 부수하는 업무의 전부 또는 일부를 업으로 영위하는 것을 말한다"
신용위험가중자산,신용위험가중자산은 신용위험을 반영한 자산을 의미하는 것으로 대차대조표상 모든 자산 및 난외거래를 대상으로 자산가액에 소정의 신용위험가중치를 곱하여 산출한다
신용예탁금,신용예탁금은 신협의 자산운용을 지원하는 기능을 수행하기 위해 신협의 여유자금을 신협중앙회가 예탁받아 관리하는 자금을 말하며 예탁기간에 따라 확정이자를 지급하므로 은행의 정기예금과 유사하다
신용보강,"자산의 가치가 확실치 않거나 자산보유자의 신용도가 낮을 경우 보증보험, 초과담보 등의 방법을 통하여 신용을 보강하는 절차이다"
신용리스크,"신용리스크는 거래상대방의 경영상태 악화, 신용도 하락 또는 채무 불이행 등으로 인해 손실이 발생할 위험이다"
신용대출,"연체 발생을 예방하기 위해 신용등급이 급격히 하락하거나 다중채무 등이 발생한 연체우려 채무자를 대상으로 은행에서 대출 만기 2개월 전에 안내·상담을 실시하고 만기연장, 장기분할상환대출 및 서민금융상품으로 전환 등을 지원하는 사전적 채무조정 프로그램('16"
신용공여한도제도,"신용공여란 대출, 지급보증, 자금지원 성격의 유가증권 매입 등 금융거래상의 신용위험을 수반하는 금융기관의 직, 간접 거래를 말하며, 신용공여한도제도는 특정인(동일인, 동일차주 등)에 대한 신용공여가 금융기관 자기자본의 일정비율을 넘지 않도록 관리하는 제도이다"
신용거래융자,증권회사와 고객 사이의 사전 약정에 의하여 증권회사가 고객에게 주식매수 자금을 대여해 주는 것이다
신용거래대주,증권회사와 고객 사이의 사전 약정에 의하여 증권회사가 고객에게 매도주식을 대여해 주는 것을 말한다
신기술사업금융업,"신기술사업금융업은 장래성이 있지만 자본과 경영기반이 취약한 기업에 대하여 기업주와 공동으로 위험을 부담하면서 자금관리, 경영관리, 기술지도 등 종합적인 지원을 제공함으로써 높은 자본이득을 추구하는 금융활동으로서 일반적으로 벤처캐피탈(Venture Capital)로 알려진 위험부담자본을 운용하는 금융업으로 여신전문금융업법상 신기술사업금융업은 신기술사업자에 대한 투자, 융자, 경영 및 기술의 지도, 신기술사업투자조합의 설립, 신기술사업투자조합자금의 관리,운용 업무를 종합적으로 업으로서 행하는 것을 의미한다"
신고서를제출하지않는모집매출소액공모,"모집 또는 매출에는 해당하지만 그 금액이 10억원 미만인 경우, 증권신고서를 제출하지 않으나 투자자가 발행인에 관한 기초 정보를 알 수 있도록 하기 위하여 발행인의 재무상태, 영업실적 등 최소한의 공시의무를 이행해야 한다"
시장질서교란행위,"종전의 미공개정보이용 행위, 시세조종 행위의 요건은 갖추지 못하였지만, 비슷한 방식으로 시장의 질서를 어지럽히는 행위로서 2015"
시장리스크기준자기자본비율,자기자본보유제도에 따라 은행의 적격 자기자본을 신용위험 뿐 아니라 시장위험을 포함한 위험가중자산으로 나누어 산출한 비율을 말한다
시장리스크,"시장리스크는 금리, 주가, 환율 등 시장가격의 변동으로 인하여 금융회사의 자산 가치가 변동할 가능성을 의미하며 단기매매나 시장가 변동으로부터 매매차익을 얻을 목적으로 취하는 트레이딩 포지션을 관리대상으로 한다"
시스템적중요도,금융회사의 도산이 금융시스템 및 실물 경제에 미치는 파급 영향을 의미한다
시스템적중요금융회사,"부실화 되거나 파산할 경우, 그 규모, 복잡성 및 시스템 내 상호연계성 등으로 인해 금융 시스템 전반 또는 실물 경제에 상당한 부정적 파급 영향을 미칠 수 있는 금융회사를 말한다"
시스템리스크,"BIS는 시스템리스크를 ""한 금융기관의 계약 불이행이 다른 금융기관의 연쇄 파산을 야기하는 리스크""로 정의(1994년)하였고, FRB는 ""지급결제시스템에 참가하는 한 금융기관의 결제 불이행이 다른 금융기관의 결제불이행으로 연쇄 파급되어 기업의 경제활동에 심각한 영향을 미칠 수 있는 리스크""로 정의(2001년)하는 등 기관,학자에 따라 시스템리스크로 규정하기 위한 파급 범위를 다르게 정의하기도 하였으나 최근 거시건전성 감독 논의에 있어서는 시스템리스크의 정의로 2009년 IMF, FSB, BIS의 다음과 같은 개념을 사용하는 추세이다"
시세조종행위,부당한 이득을 얻기 위해 증권 등의 시장에서 수요와 공급에 의해 자연스럽게 형성되어야 할 증권 등의 가격을 합리성이 결여된 주문 또는 허위사실 유포 등의 불공정한 방법을 통하여 인위적으로 변동시키거나 고정시키는 행위를 말한다
시설대여,"시설대여(리스)란 시설임대를 전문으로 하는 사업주체가 특정물건(시설, 설비, 기계 및 기구, 건설기계, 차량, 선박 및 항공기, 이상의 물건에 직접 관련되는 부동산 및 재산권)을 새로이 취득하거나 대여받아 거래상대방에게 내용연수의 100분의 20이상 사용하게 하고, 그 기간에 걸쳐 일정대가를 정기적으로 분할하여 지급받으며, 그 기간 종료후 물건의 처분에 대하여는 당사자간의 약정으로 정하는 방식의 금융을 의미한다"
시간외대량매매,"시간외대량매매는 시간외시장의 매매거래시간(08:00～09:00, 15:40～18:00) 동안 종목, 수량, 가격이 동일한 매도호가 및 매수호가로 회원이 매매거래를 성립시키고자 거래소에 신청하는 경우 당해 내용대로 매매거래를 성립시키는 제도이다"
승환계약,보험계약의 체결 또는 모집에 종사하는 자가 기존 보험계약을 부당하게 소멸시키고 새로운 보험계약을 청약하게 하거나 새로운 보험계약을 청약하게 하고 기존 보험계약을 소멸하게 하는 행위를 말한다
승낙전사고담보제도,"보험자가 보험계약자로부터 보험계약의 청약과 더불어 보험료의 전부 또는 일부를 받고 동 계약에 대한 인수여부를 결정하기 전에 보험사고가 발생하였을 경우, 그 청약을 거절할 사유가 없는 한 사고를 보상해 주는 제도이다"
스트레스테스트,아주 예외적이지만 실제로 발생할 수 있는 사건에 대한 금융회사의 잠재적인 취약성을 평가하는 분석 기법으로 위기상황 하에서 금융회사 혹은 금융 시스템이 건전성 기준을 충족하는지 여부를 평가하는데 활용된다
스튜어드십코드,"스튜어드십 코드란 국민연금과 같은 연기금 및 자산운용사 등 고객이 맡긴 돈을 관리하는 기관투자자들이 수탁자로서 책임을 다하기 위해 이행해야 할 세부 원칙과 기준으로, 집안일을 도맡아 보는 '집사(steward)'처럼 기관투자자들이 고객이 맡긴 돈을 책임감 있게 관리해야 한다는 데서 유래되었다"
스위칭,상대적으로 저평가된 자산으로 운용자산을 교체하는 행위를 말한다
스왑,교환한다(exchange)는 의미를 가지고 있는 스왑거래는 두 당사자가 각기 지니고 있는 미래의 서로 다른 자금흐름을 일정기간 동안 서로 교환하기로 계약하는 거래이다
스미싱,"문자메시지(SMS)와 피싱(Phishing)의 합성어로 '무료쿠폰 제공', '돌잔치 초대장' 등을 내용으로 하는 악성 앱 주소가 포합된  문자메시지를 대량으로 전송 후 문자메시지 내 인터넷주소(url)를 클릭하면 악성코드가 설치되어 피해자가 모르는 사이에 소액결제 피해를 발생시키거나 개인금융정보를 탈취하는 수법이다"
순자본비율,영업용순자본비율제도를 대체하여 2014년 4월 도입되어 2016년부터 전면 시행되었다
순이자마진,은행의 모든 금리부자산의 운용결과로 발생한 은행의 운용자금 한 단위당 이자순수익(운용이익률)을 나타내는 개념이다
순안정자금조달비율,"순안정자금조달비율(NSFR)은 은행이 단기 도매자금조달에 과도하게 의존하는 것을 제한하고 난내,외 모든 항목의 조달리스크에 대한 평가를 개선하며, 자금조달의 안정성을 제고하기 위한 것이다"
수지상등의원칙,보험계약에서 장래 수입되어질 순보험료 현가의 총액이 장래 지출해야 할 보험금 현가의 총액과 동일하게 되는 것을 말한다
수익자총회,수익자총회란 투자신탁 재산의 운용에 관한 중요한 사항을 결정하기 위하여 수익자 전원으로 구성된 의사결정기구로서 이해관계에 영향을 미치는 중요한 사항에 관하여 수익자가 직접 결정할 수 있도록 하기 위해 간접투자자산운용업법에서 새로 도입되었다
수요예측,"수요예측이란 주식 또는 무보증사채를 공모함에 있어 공모가격(공모금리)을 결정하기 위하여 대표주관회사가 공모예정기업의 공모희망가격(공모희망금리)을 제시하고, 그에 대한 수요상황(가격 및 수량 등)을 파악하는 절차를 말한다"
수시공시제도,"유가증권시장, 코스닥시장 또는 코넥스시장에 상장된 법인의 경영과 관련하여 증자 또는 감자결정이 있을 때, 영업 및 생산활동에 중요한 사항이 발생한 경우 등 투자자들의 투자판단에 중요한 사항이 발생한 경우 이를 투자자들에게 지체없이 공시하도록 함으로써 증권의 공정한 가격형성과 합리적인 투자판단을 하도록 지원하는 제도이다"
손해율,"손해율은 발생손해액(보험금지급액)이 경과보험료(차기이후에 속하는 보험료를 제외한 수입보험료)에서 차지하는 비중을 말하며, 생명보험회사의 수익성 지표인 위험보험료 대비 사망보험금 비율과 유사한 개념이다"
손해사정사,보험사고에 따른 손해액 및 보험금의 사정에 관한 업무를 업으로 하는 자를 말한다
손해배상책임보험," 「주식회사의 외부감사에 관한 법률」」에서는 감사인이 그 임무와 관련하여 회사 및 제3자에 대한 손해배상책임을 규정하고 있는 바, 이러한 손해배상책임을 보장하기 위한 방법으로 회계법인에 대해 손해배상공동기금의 적립 또는 손해배상책임보험 가입을 의무화하고 있다"
손해배상공동기금,손해배상공동기금은 감사인의 회사 또는 제3자에 대한 손해배상책임을 이행하기 위하여 한국공인회계사회에 적립하는 기금을 말한다
소액해외송금업,"소액해외송금업은 비금융회사 등이 일정요건(자기자본, 전산설비 및 전문인력요건 등)을 구비하여 소액의 외국환을 송금하는 업무를 말한다"
선행매매,투자매매업자나 투자중개업자가 금융투자상품의 가격에 중대한 영향을 미칠 수 있는 매수 또는 매도 주문을 받거나 받게 될 가능성이 큰 경우 고객의 주문을 체결하기 전에 자기의 계산으로 매수 또는 매도하거나 제3자에게 매수 또는 매도를 권유하는 행위를 말한다
선임계리사, 선임계리사는 보험회사 상품개발 및 보험계리 업무처리에 대한 내부검증 책임자를 말한다
서민금융,"서민맞춤대출 안내부터 신용회복지원까지 서민의 금융이용과정에서 필요한 여러 서비스(서민맞춤대출 안내, 신용회복지원제도안내, 불법금융행위 제보, 제도권금융기관 조회, 개인신용정보 무료체험, 전화금융사기 피해예방 등)를 통합하여 안내하는 국내 최초 서민금융 포탈사이트로 공공기관과 금융회사가 제공하는 여러 서민금융 관련 상품과 과다 채무자의 신용회복을 위한 개인회생, 파산ㆍ면책제도 등을 안내하고 있으며 고리사채, 카드깡 사금융 피해 예방을 위하여 불법금융행위 제보와 제도권금융기관 조회서비스 등을 운영하고 있다"
새희망홀씨,"소득이 적거나 신용이 낮아 대출받기 어려웠던 계층을 위해 별도의 심사기준을 마련하여 대출해 주는 은행의 서민 맞춤형 대출상품으로서 연소득 3천 5백만원 이하인 자, 신용등급이 6~10등급이면서 연소득 4천 5백만원 이하인 자는 연 10"
상호연계성,"금융회사, 금융시장 및 금융 인프라 등은 상호 간 콜론, 파생상품거래 등 직접적인 거래로 인해 연결되어 있을뿐 아니라 시가평가제도, 마진콜 및 시장불안 심리 확산 등 공통 리스크 요인(common exposure 또는 sensitivity to common shock)에 의해서도 간접적으로 연결되어 있음을 이르는 용어이다"
상호금융,"상호금융은 공동유대(조합의 설립과 구성원의 자격을 결정하는 단위)를 바탕으로 각 조합원이 자금을 출자하여 구성원의 경제적,사회적 지위를 향상시키고 지역주민에 대한 금융편의를 제공함으로써 지역경제의 발전에 기여함을 목적으로 설립된 비영리법인을 말한다"
상품선물,"상품선물은 농산물, 축산물, 에너지, 임산물, 비철금속, 귀금속 등 이와 유사한 상품을 대상으로 한 선물거래로서 1848년 4월 미국 시카고상품거래소의 설립(곡물선물거래)으로 개시되었으며, 국내 선물시장에서는 금선물과 돈육선물이 거래되고 있으며 1999년 4월 및 2008년 7월에 각각 상장되었다"
상장지수집합투자기구,상장지수집합투자기구(이하 ETF)란 특정자산의 가격 또는 특정지수의 변화에 연동하여 운용하는 것을 목표로 하여 거래소에 상장되어 주식처럼 거래되는 펀드를 말한다
상임대리인,"외국인을 위하여 주주권행사, 명의개서, 매매주문 및 이와 관련한 사항 등을 대리 또는 대행하는 자를 의미한다"
상시감시,"금융기관에 대하여 임직원 면담, 조사출장, 영업실태 분석, 재무상태 관련 보고서 심사, 경영실태 계량평가, 기타 각종자료 또는 정보의 수집, 분석을 통하여 문제의 소지가 있는 금융기간 또는 취약부문을 조기에 식별하여 현장검사 실시와 연계하는 등 적기에 필요한 조치를 취하여 금융기관의 안전하고 건전한 경영을 유도하는 감독수단을 말한다"
상속인금융거래조회서비스,"신청인(상속인, 상속재산관리인 등)이 사망자, 금치산자, 실종자 등 조회대상자의 금융재산을 조회하기 위하여 모든 금융기관을 일일이 방문하는데 따른 시간적, 경제적 어려움을 덜어주기 위하여 금융감독원이 각 금융기관에 조회대상자의 금융재산 보유여부에 대한 조회요청을 해 주는 서비스이다"
이원방식,"예정위험률, 예정이자율 및 예정사업비율을 기초로 보험수리기법과 수지상등의 원칙에 따라 보험료 및 준비금을 결정하는 방식을 말한다"
사회적금융,"실업, 빈곤, 경제 양극화, 환경오염 등의 사회·경제적 문제를 해결하려는 사회적경제의 일환으로, 사회적가치를 추구하는 사회적경제기업(사회적기업, 협동조합, 마을기업, 자활기업)에 대출, 투자, 컨설팅, 물품구매, 기부후원 등으로 자금을 공급하는 활동이다"
사업보고서,증권 발행회사의 사업상황ㆍ재무상황 및 경영실적 등 기업내용을 일반투자자들에게 정기적으로 공개함으로써 합리적인 투자판단자료를 제공하고 증권시장에서 공정한 가격형성이 이루어지도록 하여 공정거래질서를 확립하고 투자자를 보호하기 위한 제도이다
사무장병원,의료법상 의료기관을 개설할 수 없는 자(일명 사무장)가 의료인을 고용하여 개설한 병원을 말한다
사모,"은행, 보험회사, 금융투자업자 등의 기관투자가나 특정 개인에 대한 개별적 접촉을 통해 자금을 모집하는 방식을 말한다"
사기이용계좌지급정지제도," 전기통신금융사기 예방대책의 일환으로, 피해자가 사기범에게 속아 돈을 송금한 경우에 신속하게 해당 계좌(사기이용계좌)에 대한 지급정지를 요청할 수 있도록 하는 제도이다"
차산업혁명,"인공지능, 사물인터넷, 빅데이터, 모바일 등 첨단 정보통신기술이 경제, 사회 전반에 융합되어 혁신적인 변화가 나타나는 차세대 산업혁명으로 '4차 산업혁명'이라는 용어는 2016년 세계 경제포럼(WEF:  World Economic Forum)에서 언급되었으며, 정보통신 기술(ICT) 기반의 새로운 산업 시대를 대표하는 용어가 되었다"
비조치의견서,"비조치의견서 제도란 금융회사 등이 특정행위(신규영업, 신상품 개발 등)를 시행하기 이전에 그 행위가 금융감독법규에 위반되는지 여부에 대해 금융감독당국에 사전심사를 청구하면, 금융감독당국이 이를 심사하여 금융감독법규에 근거한 제재 등의 조치를 취할지 여부를 회신해 줌으로써 금융회사 등의 법적 불안정성을 제거하고 발생가능한 불이익을 사전에 예방하기 위한 제도이다"
자기자본비율,BIS자기자본비율은 BIS(국제결제은행)의 바젤은행감독위원회의 ‘자기자본 측정과 기준에 관한 국제적 합의’에 의한 개념으로 은행의 리스크 증대에 대처하기 위한 자기자본비율 규제에 관한 국제적 통일기준을 의미한다
비상위험준비금,손해보험의 경우 생명보험과 마찬가지로 다수의 보험계약에 의하여 대수의 법칙이 작용되므로 이론적으로 위험이 평준화된다
비례재보험과비비례재보험,재보험은 보험금 책임분담방법에 따라 비례 재보험과 비비례 재보험으로 분류된다
비대면실명확인,비대면 실명확인은 거래자 본인 여부를 확인할 때 온라인 채널 등 대면이외의 방식으로 실명확인 하는 것을 의미한다
비금융주력자,비금융주력자라 함은 동일인 중 비금융회사인 자의 자본총액의 합계액이 당해 동일인 중 회사인 자의 자본총액 합계액의 25% 이상이거나 동일인 중 비금융회사인 자의 자산총액의 합계액이 2조원 이상인 경우 당해 동일인 등을 의미하며 통상 산업자본으로 지칭된다
블록체인,"블록체인(blockchain)이란 거래 데이터를 중앙집중형 서버에 기록,보관하는 기존 방식과 달리 거래 참가자 모두에게 내용을 공유하는 분산형 디지털 장부(distributed ledger)를 말한다"
불특정금전신탁,신탁회사가 위탁자로부터 수탁받은 자금에 대한 운용권한을 가지고 신탁계약이나 약관에서 정한 바에 따라 신탁재산을 운용하는 금전신탁을 말한다
불초청권유규제,투자자로부터 투자권유의 요청을 받지 아니하고 방문ㆍ전화 등 실시간 대화의 방법을 이용하여 장외파생금융상품 등 위험 금융투자상품의 투자를 권유하는 행위를 금지하는 제도를 말한다
불법적채권추심행위,"불법적 채권추심행위는 일반적으로 법으로 금지하고 있는 추심행위를 의미하는 것으로, 「채권의 공정한 추심에 관한 법률」을 제정하여 대부업법 등 개별법에 산재해 있던 불법추심행위 관련 규정을 통일화하였다"
불공정거래행위의신고포상제도,"감독당국은 자본시장에서의 불공정거래행위에 대한 사회적 감시환경을 조성하기 위하여, 불공정거래행위를 신고하는 사람에게 건당 최고 20억원의 포상금을 지급하는 포상제도를 운영하고 있다"
불공정거래조사,"증권 등의 발행과 유통 등 자본시장의 전 과정에서의 공정성 확보차원에서, 관련법규에 위반되거나 공익 또는 투자자 보호를 위하여 필요하다고 인정되는 경우에 금융위원회ㆍ증권선물위원회ㆍ금융감독원이 조사하고 그 결과 발견된 위법사항에 대해 검찰고발 등 필요한 조치를 취하는 일련의 과정을 말한다"
분산서비스거부공격,"인터넷 또는 네트워크 연결 상에서 다수의 시스템을 악성코드 등을 이용하여 공격자의 명령을 듣는 좀비PC로 만든 후, 공격자는 이를 원격으로 제어하여 대상이 된 표적에 다량의 패킷을 전송하여 다량의 트래픽을 발생시켜 네트워크 대역폭을 점유하는 방식으로 대상 시스템을 마비시키는 공격을 말한다"
부정사용방지시스템," FDS시스템이란 전자금융거래에 사용되는 단말기 정보,접속정보, 거래내용 등을 종합적으로 분석하여 의심거래를 탐지하고, 이상금융거래를 차단하는 사고 예방 모니터링 시스템이다"
부정거래행위,"자본시장법은 금융투자상품의 매매, 그 밖의 거래와 관련하여 부정한 수단, 계획 또는 기교를 사용하는 행위를 하거나 중요 사항에 관하여 거짓의 기재 또는 표시를 하는 등의 방법으로 금전, 그 밖의 재산상의 이익을 얻고자 하는 행위 등을 포괄적으로 규제하고 있다"
부실징후기업,부실징후기업이란 통상적인 자금차입 외에 외부로부터의 추가적인 자금유입 없이는 금융채권자에 대한 차입금 상환 등 정상적인 채무이행이 어려운 상태에 있는 기업이다
부동산투자회사,"부동산투자회사(REITs, 이하 리츠)란 자산을 부동산에 투자하여 운용하는 것을 주된 목적으로 하여 부동산투자회사법상 관련 절차에 접합하게 설립된 회사를 말한다"
부동산신탁,"위탁자가 신탁회사에 신탁하는 신탁재산이 부동산(토지, 건물 등)인 신탁으로, 신탁계약의 내용에 따라 부동산 개발, 관리, 처분, 담보 등을 목적으로 하고, 이와같은 목적에 따라 토지(개발)신탁, 관리신탁, 처분신탁, 담보신탁으로 분류된다"
부동산프로젝트파이낸싱,부동산개발 관련 특정 프로젝트의 사업성을 평가하여 그 사업에서 발생할 미래 현금흐름(Cash Flow)을 제공된 차입원리금의 주된 상환재원으로 하는 대출을 의미한다
부도율,"부도율(PD)은 내부등급법 적용은행이 위험가중자산을 산출하는데 필요한 리스크 측정요소 중 하나로, 경기변동 주기상 경기침체기를 포함하여 경기상황이 좋은 시기와 나쁜 시기의 모든 부도 경험을 반영하여 추정한, 일정기간(1년) 동안에 부도가 발생할 가능성에 대한 미래지향적(forward-looking) 예측치를 의미한다"
부도시익스포져,"부도시 익스포져(EAD)란 바젤Ⅱ에서 경제적 자본 또는 규제자본 산출시 이용하는 신용리스크 측정모형의 주요 요소(parameter)의 하나로, 부도사건 발생시 금융회사가 부도주체에 노출된 금액을 의미한다"
부도시손실률,부도시 손실률(LGD)은 바젤Ⅱ에서 경제적 자본 또는 규제자본 산출시 이용하는 신용리스크 측정모형의 주요 요소(parameter)의 하나이다
부담보기간,이미 질병이 발생한 사람이 이를 숨기고 보험에 가입하는 역선택이 우려되는 경우 계약일로부터 일정기간 이내에 발생되는 보험사고에 대하여는 보상하지 않는 것을 말한다
볼커룰,미국 버락 오바마 정부가 금융회사의 위험투자 및 대형화를 억제하기 위하여 만든 규제책으로 2010년 7월 15일 도드 플랭크 법안(Dodd-Frank Wall Street Reform and Consumer Protection Act)으로 불리는 금융개혁법안에 포함되어 미국 상원을 통과하였다
본인확인생략결제,No CVM 결제방식은 신용카드 거래시 일정금액 이하의 카드매출에 대해 서명이나 비밀번호 입력 없이 매출을 처리하는 결제방식을 의미한다
보험회사손익분석," 보험회사가 1년간 벌어들인 손익(계약자배당금적립전잉여금)을 보험부문손익과 투자손익, 기타손익 등 손익의 발생 원천별로 분석하는 것을 말한다"
보험핵심원칙,보험권역 국제기구인 국제보험감독자협의회(IAIS)가 보험권역의 건전성 제고 및 보험계약자 보호를 위해 2011년 제정한 보험부문의 국제감독기준이다
보험중개사,특정보험회사에 소속되지 않고 독립적으로 보험계약의 체결을 중개하는 자를 말한다
보험안내자료,"보험상품의 모집을 위하여 사용하는 자료로서 보험회사 또는 보험모집을 하는 자의 명칭, 보험금 지급제한 조건에 관한 사항, 해약환급금에 관한 사항, 기타 보험가입에 따른 권리, 의무에 관한 주요사항 등을 기재한 것을 말한다"
보험설계사정착률,신규등록된 전속 보험설계사 중 1년이 경과한 후에도 정상적으로 모집활동에 종사하고 있는 설계사의 비율을 의미한다
보험사기지표,"보험사기자 또는 사기 가능성이 있는 자의 특성, 사기유형 및 형태를 정형화,표준화하여 공통적으로 발견되는 사항을 지표화 한 것을 말한다"
보험사기인지시스템,"보험계약 및 보험사고정보 등 DB를 관리,분석함으로써 보험사기 혐의자를 자동 추출해 낼 수 있는 정보처리시스템으로 금융감독원이 2004년 1월부터 개발하여 운영중에 있다"
보험사기,"넓은 의미에서는 보험과 관련된 일체의 사기적 행위를 의미하고, 보험사기행위를 정의, 처벌하고 있는 보험사기방지특별법에 의하면 '보험사고의 발생, 원인 또는 내용에 관하여 보험자를 기망하여 보험금을 청구하는 행위""를 말한다"
보험범죄,"보험계약자, 피보험자 또는 보험수익자가 보험제도의 원리상으로는 취할 수 없는 보험혜택을 부당하게 얻거나, 보험제도를 역이용하여 고의적,악의적으로 보험금을 편취하는 인위적인 불법행위를 의미한다"
보험료,"보험료는 보험계약에 의거하여 보험사고 발생시, 보험회사가 보험금 지급 책임을 지는 대가로 계약자가 납입하는 일정금액을 의미한다"
보험대리점,보험회사와 대리점계약을 체결한 후 보험회사를 위하여 보험모집을 하고 일정의 수수료를 받는 보험모집조직이다
보험계약대출,보험계약대출은 보험계약의 해약환급금의 범위 내에서 대출하는 계약이다
보험계약청약철회,주변사람의 가입이나 지인의 권유로 인해 충동적으로 보험에 가입했거나 설계사 등의 불완전 판매로 인해 보험가입자의 의사와는 다르게 계약이 체결되는 등의 여러 가지 사유로 인하여 보험계약자가 보험계약을 철회하고자 하는 경우에 계약자로 하여금 청약을 철회 할 수 있도록 하는 제도이다
보험계리업자,보험회사의 보험에 관한 기초서류의 내용 및 배당금계상 등의 정당성 여부를 확인하는 업무를 업으로 하는 자를 말한다
보험가액과보험금액,보험가액이란 보험사고가 발생하였을 경우에 보험목적에 발생할 수 있는 손해액의 최고한도액을 말하며 손해보험에만 존재하는 개념이다
보증보험,보증보험은 개인이나 기업이 경제활동을 하는 과정에서 담보나 보증인이 필요한 경우 보증보험회사에 일정액의 보험료를 내고 발급받은 보증보험증권으로 담보나 보증인을 대신하는 제도이다
보장매입자매도자,신용파생상품 거래를 통하여 신용위험을 이전하거나 동 위험을 인수하는 거래당사자를 말한다
변액보험,"변액보험은 계약자가 납입한 보험료 중 일부를 특별계정으로 분류하여 주식이나 채권펀드 등에 투자하고, 그 운용실적에 따라 보험금과 해지환급금이 변동하는 상품이며, 변액종신보험, 변액연금보험, 변액유니버셜보험 등으로 구분된다"
사부가통신업자,"VAN사란 카드사 및 가맹점과의 계약에 따라 단말기 설치, 신용카드등의 조회,승인 및 매출전표 매입,자금정산 등 신용카드등의 대금결제를 승인,중계하기 위한 전기통신서비스 제공을 업(신용카드등부가통신업)으로 하여 금융위원회에 등록을 한 자를 말한다"
방카슈랑스,"방카슈랑스는 불어의 은행(Banque)과 보험(Assurance)의 합성어로서 일반적으로 은행 등 금융기관이 보험회사의 대리점 또는 중개사로 등록하여 보험상품을 판매하는 것으로써, 2003년 8월부터 제도가 도입되었다"
발행분담금,발행분담금은 「금융기관 분담금 징수 등에 관한 규정」에 의거하여 금융위원회에 증권신고서를 제출하는 발행인이 금융감독원 운영경비의 일부를 부담하기 위하여 납부하는 분담금을 말한다
민원자율조정제도,민원자율조정제도는 금융감독원에 접수된 금융민원에 대해 금융감독원의 처리에 앞서 당사자인 민원인과 금융회사간 자율적인 조정기회를 부여하고 조정이 성립되지 않을 경우 금융감독원이 직접 처리하는 제도이다
민원발생평가,"금융감독원이 금융회사의 자율적인 민원예방 및 감축 노력을 제고하기 위해 2002년부터 2014년까지 실시한 제도로, 2015년 이후부터는 금융소비자보호 실태평가로 대체되었다"
미스터리쇼핑," ""판매현장 사전점검""으로 감독원장이 지명하는 자가 신분을 밝히지 않고 고객으로서 금융회사를 방문하거나 전화 등을 통하여 금융상품의 판매과정을 점검하는 방법을 말한다"
미수동결계좌제도,주식시장에서 주식을 매수(매도)할 경우 고객은 주문일(T일)에 위탁증거금(매수금액의 약 40%)만을 증권회사에 납입한 후 결제일(T+2일)까지 매수잔금(증권)을 납입하도록 되어 있다
미보고발생손해액,미보고발생손해액이란 보험회사가 보험사고가 이미 발생하였으나 아직 보험회사에 청구되지 아니한 사고에 대해 향후 지급될 보험금을 추정하여 부채인 책임준비금 중 지급준비금으로 계상한 금액을 말한다
미공개정보이용행위,"상장법인의 주요주주, 임직원 기타 회사와 일정한 관계에 있는 내부자 등이 직무와 관련하여 지득한 미공개 중요정보를 특정 증권등의 매매에 이용하거나 타인으로 하여금 이용하게 하는 행위를 말한다"
미경과보험료,미경과보험료는 보험자가 보험계약자로부터 받은 순보험료 중에서 아직 당해 보험료기간이 경과하지 않은 보험료를 말한다
무수익여신,"무수익여신이란, 무수익산정대상여신(「은행업감독규정시행세칙」 별표 12 참고) 중 연체여신 및 이자미계상여신을 포함한 개념으로, 연체여신이란 원리금이 3월 이상 연체된 채권으로 이자미계상여신을 제외한 여신을 의미하며, 이자미계상여신이란 부도업체 등에 대한 여신, 채무상환능력 악화 여신, 채권재조정 여신을 의미한다"
모집,증권을 공모하는 방법의 하나로 ‘신규’로 발행되는 증권에 대하여 50인 이상을 대상으로 증권의 취득의 청약을 권유하는 행위를 말한다
모자형펀드,동일한 운용자가 설정한 여러 펀드의 재산을 하나의 펀드에 통합하여 운용함으로써 규모의 경제를 갖추어 거래비용을 낮출 수 있는 구조의 펀드를 의미한다
명의개서대리인제도,"상법상 기명주식(사채포함) 이전을 발행회사에 대해 주장하기 위해서는 양수인의 성명과 주소를 주주명부(사채원부)에 기재(명의개서)하여야 하며, 회사의 명의개서 업무를 대행하는 자를 명의개서대리인이라 한다"
머니마켓펀드,"펀드 재산을 5년 만기 이내의 국채증권, 1년 만기 이내의 지방채증권, 특수채증권, 사채권, 기업어음(CP), 어음, 6개월 만기 이내의 양도성 예금증서(CD) 등의 단기금융상품에 주로 투자하고, 수시 입출금이 가능한 펀드를 의미한다"
매출,증권을 공모하는 방법의 하나로 ‘이미’ 발행되어 있는 증권에 대하여 50인 이상을 대상으로 증권의 매도 청약을 하거나 매수 청약을 권유하는 행위를 말한다
마디모,"마디모(MAthematical DYnamic MOdels)란 교통사고 차량의 움직임 등을 분석하여 차량 탑승자 또는 보행자의 피해 여부, 정도 등을 감정하는 프로그램을 말한다"
리스크평가제도,보험회사 경영활동에 수반되는 각종 리스크의 규모 및 관리능력을 계량적ㆍ체계적으로 리스크평가를 실시하여 취약회사 및 취약부문을 발굴하고 감독 및 검사업무에 활용하는 리스크중심의 상시감시체제를 말한다
리스크평가,필라2 제도 도입에 따라 은행의 리스크를 상시평가하여 취약부문에 감독ㆍ검사 역량을 집중하는 리스크중심감독(RBS) 수단(tool)의 하나를 의미한다
리스크통제자가진단,특정업무와 관련된 리스크를 가장 정확하게 알고 있는 담당직원의 평가 등을 기반으로 은행의 운영리스크를 인식하고 평가하는 방법을 의미한다
리스크중심감독,상시적으로 금융회사의 리스크 요인을 인지하고 이를 해소하기 위해 사전예방적 조치를 취함으로써 금융회사의 건전성을 유지하는 감독시스템을 의미한다
롤오버,선물이나 옵션포지션 보유자가 만기가 도래하는 계약을 만기가 남아있는 다른 종목(원월물 등)으로 교체함으로써 사실상 포지션을 이월하는 것을 말한다
로보어드바이저,"알고리즘에 기반한 프로그램을 활용하여 포트폴리오 자문,운용서비스를 제공하는 온라인 자문의 일종이다"
레버리지비율,레버리지비율제도는 과도한 부채 증가를 통한 자금 운용을 방지함으로써 리스크 기반 규제인 순자본비율 제도를 보완하기 위하여 2014년 11월 도입되어 2016년부터 전면 시행되었다
레그테크,"빅데이터, 클라우드 컴퓨팅, 머신러닝 등 신기술을 활용하여 기존 컴플라이언스 업무를 사전 예방형 및 자동형으로 대체하는 혁신적인 IT기술을 의미한다"
랩어카운트,"본래 랩어카운트의 명칭은 미국에서 투자중개업자가 고객에게 투자자문서비스를 제공할 때 위탁매매수수료, 상담료, 운용보수 등 각종 비용을 별개로 부과하지 않고, 단일의 패키지로 부과하는 방식에서 유래되었다"
랜섬웨어,"몸값(Ransome)과 소프트웨어(Software)의 합성어로 시스템을 잠그거나 문서, 데이터를 암호화하여 사용할 수 없도록 만든 뒤, 이를 인질로 금전을 요구한다고해서 명칭이 붙여진 악성 프로그램을 말한다"
등록단말기,등록단말기는 금융위원회가 마련한 정보보호 기술기준에 부합된 신용카드 단말기로서 여신금융협회에 등록된 적격 IC단말기를 말한다
동의철회권전화수신거부권,"개인신용정보를 제3자에게 제공하기 위해서는 사전에 개인으로부터 동의를 받아야 하는데, ‘동의 철회권’은 이러한 제공 동의를 철회할 수 있는 제도이다"
독립투자자문업자,"독립투자자문업자란 투자자문 서비스 제공에 있어 은행, 증권사, 운용사 등의 금융상품 제조 및 판매회사로부터 독립된 투자자문업자를 의미한다"
도드프랭크법안,"도드 프랭크 법안(2010년 7월 21일 발효)은 시스템리스크 예방대책 마련, 파생금융상품 규제 강화, 금융소비자 보호장치 신설, 대형 금융회사들에 대한 각종 감독,규제책 신설을 골자로 하고 있다"
델타,"기초자산의 가격변동에 대한 옵션가격의 민감도를 말하며, 기초자산 가격이 1단위 변동할 때 옵션가격의 변동정도로 측정된다"
대환대출,대환대출은 금융회사에서 대출을 받아 이전의 대출금이나 연체금을 상환하는 제도이다
대학생을위한실용금융,"대학생이 사회 진출 전, 실제 금융생활과 관련된 기본적인 금융소양을 쌓을 수 있도록, 금융상품의 이해, 부채와 신용관리, 연금, 보험, 금융소비자보호 제도 등 실용적인 금융지식을 전달하는 대학생 금융교육 프로그램이다"
대출청약철회권,금융소비자가 대출계약에 대한 숙려기간 동안 대출계약을 해제할 수 있는 권리이다
대출채권연체기준,대출채권 연체기준이란 연체를 인식하는 시점과 대상에 대한 기준이다
대출의경기순응성,대출의 증가량 및 증가속도가 경기 상황과 같은 방향으로 움직이는 현상을 일컫는다
대출모집인제도,"대출모집업무란 대출(인터넷 등을 통한 온라인 대출 포함) 신청 상담, 신청서 접수 및 전달 등의 업무를 금융회사가 대출모집 업무를 위탁한 업무를 모집법인 또는 상담사가 수행하는 것이다"
대체가능성,"시스템적 중요도 평가에 있어 대체가능성은 개별 금융회사의 도산 시 해당 금융회사가 제공하던 금융 인프라(지급결제 등)를 타 금융회사가 빠르게 대체하지 못할 경우 금융 서비스의 중단, 시장 유동성 위축 등의 문제가 발생하며 금융 불안이 파급될 수 있다는 점을 감안하여 평가 부문으로 포함되어 있다"
대차거래,대차거래란 대여자가 차입자에게 증권을 유상으로 빌려주고 차입자는 계약종료시 대여자에게 동종동량의 증권으로 상환할 것임을 약정함으로써 성립하는 거래를 의미한다
대외익스포져,"금융회사가 대출금(리스, 사모사채 및 내국수입유산스 등을 포함), 유가증권 및 지급보증의 형태로 외국(거래상대방 본점의 국적 기준)에 제공한 외화표시 자산 및 부외거래를 의미한다"
대손준비금,대손준비금은 ‘회계목적상 충당금’(한국채택국제회계기준[K-IFRS]에 의한 충당금)이 ‘감독목적상 충당금’(은행업감독규정 제29조 최소적립기준에 의한 충당금과 은행이 내부등급법의 기준을 활용하여 산출한 예상손실중 큰 금액)에 미달하는 경우 은행이 그 차액을 이익잉여금중 별도준비금으로 적립한 것을 말한다
대부업자,"금전의 대부 또는 그 중개(어음할인, 양도담보 그 밖에 이와 유사한 방법에 의한 금전의 교부 및 금전수수의 중개를 포함한다)를 업으로 행하는 자로서 「대부업의 등록 및 금융이용자보호에 관한 법률 」에 의해 관할 시, 도지사에 등록하여야 한다"
대부업의등록및금융이용자보호에관한법률,"대부업의 등록 및 감독에 관하여 필요한 사항을 규정하고, 대부업자와 여신금융기관의 이자율 제한, 불법적 채권추심행위 등을 규제하는 법률로서 대부업의 건전한 발전을 도모하고 대부업자 및 여신금융기관의 거래상대방을 보호하는 것을 목적으로 2002년 8월26일 최초로 제정되어 시행되고 있다"
담보인정비율,담보인정비율(LTV)이란 자산의 담보가치 대비 대출금액 비율을 의미하는 것으로 담보대출을 취급하는 하나의 기준이다
담보신탁,부동산 소유자가 부동산을 담보로 활용하기 위한 목적으로 가입하는 신탁을 말한다
단기매매차익반환,"단기매매차익 반환 제도는 주권상장법인의 임·직원(재무ㆍ회계ㆍ기획ㆍ연구개발ㆍ공시 등에 종사하는 직원으로 한정) 또는 주요주주가 특정증권등을 매수한 후 6개월 이내에 매도하거나, 매도한 후 6개월 이내에 매수하여 이익이 발생한 경우 해당 회사가 동 차익에 대해 반환청구를 할 수 있도록 한 제도이다"
단계별감리,단계별 감리란 심사감리와 정밀감리의 단계로 구분하여 감사보고서 감리를 실시하는 감리업무 수행방법을 말한다
내부회계관리제도,"내부회계관리제도는 기업이 경영목적을 달성하기 위하여 설치ㆍ운영하는 내부통제제도의 일부분으로서, 기업회계기준에 따라 작성ㆍ공시되는 회계정보의 신뢰성을 확보하기 위하여 기업내부에 설치하는 회계통제시스템이다"
내부통제,"내부통제란 영업의 효율성, 재무보고의 신뢰성, 법규 및 규정 준수 등 조직 목표를 효과적ㆍ효율적으로 달성하기 위해, 조직 자체적으로 제정하여 이사회 및 임직원 등 조직의 모든 구성원들이 이행하여야 하는 절차를 의미한다"
내부자본적정성평가관리체제,"은행이 경영상 직면하는 모든 중요한 리스크를 인식,평가,관리하고 그 결과에 따라 내부자본을 가용자본과 비교하는 등 자본적정성을 평가하고 관리하는 것을 의미한다"
내부자본내부목적소요자기자본,"경영상 직면하는 계량화가 가능한 리스크 뿐만 아니라 계량화가 어려운 리스크에 대한 평가결과, 위기상황분석결과 등을 종합적으로 고려하여 은행이 자체 방법론에 따라 산출한 위험량을 소요자기자본 규모로 환산한 것이다"
내부자,"회사내부자라 함은 당해법인(그 계열회사 포함) 및 그 임직원, 대리인, 주요주주를 말한다"
내부유보액,보험관련 법규상 용어는 아니며 통상 보험회사의 자산재평가차익 중 장래의 계약자배당 재원 명목으로 자본계정에 계상되어 있는 금액을 말한다
내부등급법,"내부등급법은 바젤은행감독위원회가 바젤Ⅱ에서 정하고 있는 최소요건(신용리스크 측정치의 신뢰도를 높이기 위하여 신용평가시스템이 갖추어야할 최소한의 양적, 질적 요건)을 충족하여 감독당국의 승인을 받은 은행이 자체 추정한 리스크 측정요소(부도율, 부도시손실률, 부도시익스포져)를 활용하여 신용리스크에 대한 위험가중자산을 산출하는 방법을 말한다"
기타공시,"자본시장법은 주권상장법인에 대해 자기주식의 취득·처분, 합병 등에 특례를 규정하고 있어, 주권상장법인이 자기주식의 취득·처분을 완료하거나 합병등 사실이 종료한 때에 결과보고서 등을 금융위에 제출하여야 하고, 주식매수선택권을 부여하거나 사외이사의 선임·해임·임기만료 외의 사유로 퇴임한 경우에도 금융위에 신고하여야 한다"
기준비율,기준비율이란 위반행위의 중요성을 판단하는데 기준이 되는 규모비율을 말한다
기준가격,펀드의 자산 가치를 나타내는 가격으로 펀드의 매수 및 매각(환매)시에 적용되며 공고일 전일 펀드의 대차대조표의 자산을 공정가치 등으로 평가ㆍ합산한 금액에서 부채를 차감하여 산정한 순자산총액을 수익증권 총좌수(투자회사의 경우 발행주식 총수)로 나누어 산정한다
기여도,"기여도는 「회계관련 부정행위 신고 및 포상 등에 관한 규정 」에서 신고, 제보 또는 민원(이하 ‘신고’)이 부정행위의 적발 또는 그에 따른 조치에 도움이 된 정도를 백분율로 계량화한 수치를 말한다"
기업재무안정경영참여형사모집합투자기구기업재무안정,"재무구조개선기업(부실징후기업, 회생신청기업, 재무구조개선약정 체결기업 등)의 경영정상화 및 재무안정 등을 위해 재산을 투자,운용하여 그 수익을 투자자에게 배분하는 PEF로 재무구조개선기업의 주식, 채권, NPL, 부동산 등 인수 또는 대출채권 매입을 통한 투자가 가능하다"
기업인수목적회사,"공신력있는 M&A 전문가ㆍ금융회사 등이 우량 비상장기업 등에 대한 합병을 목적으로 설립한 명목상 주식회사로, 동 회사를 IPO를 통해 거래소에 상장하여 M&A 자금을 마련하고, 36개월 이내 비상장기업 등을 합병하여 해당기업의 가치증대 이익을 투자수익으로 향유하기 위해 만들어진 회사를 말한다"
기업여신신용평가시스템,차주의 신용상태를 평가하여 등급화하고 각 등급에 맞는 여신취급 및 사후관리를 실행하는 시스템이다
기업구조조정촉진법,"「기업구조조정촉진법」은 원활한 기업구조조정을 지원하고자 제정한 한시적 법률로서, 최초 제정(제6504호, 2001년 8월 14일) 이후 지속적인 구조조정의 필요성에 따라 6차례에 걸쳐 제정되었다"
기업공개,"넓은 의미의 기업공개는 소수인이 주주로 구성된 폐쇄기업이 처음으로 일반인을 대상으로 주식을 발행하거나 이미 발행되어 있는 주식을 매도함으로써 당해 기업의 지분을 분산시키는 행위를 말하며, 좁은 의미의 기업공개는 상장예정기업의 주식이 유가증권시장 또는 코스닥시장 등 체계적인 시장에 상장되어 거래되기 위한 요건을 갖추기 위하여 일반인에게 신주를 발행하거나 구주를 매도하는 일련의 절차를 말한다"
기본조치,기본조치란 「 외부감사 및 회계 등에 관한 규정 시행세칙 」상 감리결과 조치양정기준을 적용하는 과정에서 회사 및 감사인 등의 위반행위에 대해 산출된 중요도를 적용한 경우 산출되는 조치수준을 말한다
금전신탁,신탁회사가 위탁자로부터 금전을 수탁받아 일정기간 운용한 후 원금과 수익을 수익자에게 지급하는 신탁을 말한다
금융행정지도,금융행정지도란 금융위원회 또는 금융감독원이 금융회사등의 경영건전성을 확보하고 금융소비자를 보호하는 등 금융행정의 목적을 달성하기 위하여 금융회사등의 자발적인 협력에 기초하여 그 금융회사등에 일정한 행위를 하거나 하지 아니하여 줄 것을 요청하는 행위(조문의 형식으로 하는 행위 등 일반적이고 추상적인 형식으로 하는 행위를 포함한다)를 말한다
금융포용,"금융포용은 대안금융을 중심으로 사회적 약자에게도 금융서비스에 대한 기회를 제공하는 것으로, 경제주체가 저축, 지급결제, 신용, 보험 등 다양한 금융서비스에 효과적으로 접근하게 하여 제도권 금융시스템에 포함시키는 과정이다"
금융투자업,"금융투자업이란 이익을 얻을 목적으로 계속적이거나 반복적인 방법으로 투자매매업, 투자중개업, 집합투자업, 투자자문업, 투자일임업 및 신탁업을 영위하는 것을 말한다"
금융투자상품적합성원칙,"금융투자회사가 고객알기제도(KYCR)에 따라 파악한 투자자의 특성(투자목적, 재산상태, 투자경험 등)에 적합하게 투자를 권유할 의무 또는 부적합한 투자권유를 금지하는 것으로서 「자본시장과 금융투자업에 관한 법률」 상 투자자보호제도의 하나이다"
금융투자상품설명의무,금융투자회사가 일반투자자에게 금융투자상품을 투자권유하는 경우 상품 내용과 위험 등을 투자자가 이해하도록 설명해야 할 의무이다
금융투자상품,원본손실가능성(투자성)이 있는 금융상품을 의미하는 포괄적인 개념으로 2007년 7월 제정된  「자본시장과 금융투자업에 관한 법률」에 따라 도입된 개념이다
금융지주회사,주식의 소유를 통해 금융기관 또는 금융업의 영위와 밀접한 관련이 있는 회사를 지배하는 것을 주된 사업(자회사 주식가액의 합계액이 당해 회사 자산총액의 50%이상)으로 하고 1개 이상의 금융기관을 지배하면서 자산총액이 5천억원 이상인 회사로서 금융위원회의 인가를 받은 회사를 말한다
금융중심지지원센터,외국 금융회사의 국내진입과 국내 금융회사의 해외진출을 촉진하고 금융회사들의 금융업 영위와 관련된 경영환경을 개선하기 위하여 2008년 9월 9일 「금융중심지의 조성과 발전에 관한 법률 」에 의해 설립되었다
금융이해력지수,개인의 일상적인 금융거래에 대한 이해와 금융지식의 실제 활용능력 수준을 일컫는 말이다
금융안정위원회,금융위기 극복을 위한 G20 정상회담(2008
금융실명제,금융회사와 금융거래시 실지명의를 사용하도록 의무화하고(私人간의 거래는 제외) 실명거래에 의한 금융거래정보에 대해서는 비밀을 보장하도록 하는 제도로서 「금융실명거래 및 비밀보장에 관한 법률 」에서 규정하고 있다
금융소비자보호실태평가,"기존 민원건수 위주의 평가를 대체하고 금융회사의 소비자보호 노력과 활동을 다면적(계량 5개, 비계량 5개 부문)으로 평가하기 위해  2015년에 도입ㆍ운영하고 있는 제도이다"
금융소비자리포터,"금융감독원은 금융거래상의 불편사항이나 제도개선 필요사항 등에 대한 소비자의 의견을 수렴하여 수요자 중심의 금융감독정책을 추진할 목적으로 1999년부터 매년 금융소비자리포터 제도를 도입, 운영하고 있다"
금융상품한눈에,금융감독원에서 운영하는 금융소비자정보포털 「파인(fine
금융사고,"금융기관 소속 임직원이나 소속 임직원 이외의 자가 금융업무와 관련하여 스스로 또는 타인으로부터 기망, 권유, 청탁 등을 받아 위법,부당한 행위를 함으로써 당해 금융기관 또는 금융거래자에게 손실을 초래하거나 금융질서를 문란하게 하는 행위를 의미한다"
금융분쟁조정위원회,"금융분쟁조정위원회는 「금융위원회의 설치 등에 관한 법률 」에 의해 금융회사와 금융 이용자간의 금융 거래 관련 분쟁을 신속,공정하게 해결하기 위하여 금융감독원에 설치한 법적기구이다"
금융분쟁조정전문위원제도,"금융감독원장은 분쟁조정업무와 관련하여 금융분쟁을 효율적으로 처리하기 위하여  금융분쟁 조정위원과는 별도로 분야별 전문가를 금융분쟁조정 전문위원으로 위촉할 수 있으며, 감독원에 접수된 사건 및 위원회에 회부된 사건의 처리를 위하여 전문위원에게 자문을 의뢰하고 있다"
금융문맹,"일상생활과 산업분야에서 금융이 차지하는 비중이나 중요성이 커지면서 금융 관련 지식이 부족하여 돈의 소중함과 관리방식을 모르고 돈을 제대로 활용하지 못 하는 금융문맹이 될 경우 글자를 읽고 쓸 줄 모르는 문맹(文盲)과 같이 국민 개개인 삶의 질이 저하될 수 있고, 사회성장기반도 약화될 수 있음을 이야기 할 때 쓰이는 용어이다"
금융기관의해외진출신고제도,"「금융기관의 해외진출에 관한 규정」에 따라, 금융기관이 금융, 보험업에 해외직접투자를 하고자 하는 경우에는 금융위원회에 신고하여 수리를 받아야 하고, 금융, 보험업 이외의 업종에 해외직접투자를 하고자 하는 경우에는 금융감독원장에게 신고하여야 한다"
금융교육국제네트워크,"금융교육 국제 네트워크로 각국의 금융교육 정책 및 프로그램에 관한 정보를 교환하고, 국제적인 표준(모범사례) 개발 등을 위하여 2008년 5월 설립된 OECD 산하의 국제협의체이다"
금융감독원금융자문서비스,"금융감독원이 서민들의 합리적인 금융생활을 지원하기 위해 운영하는 무료 서비스로서 사회초년생, 주부, 고령자 등 도움이 필요한 사람에게 국제공인재무설계사 등의 자격을 보유한 금융전문상담원이 부채관리, 생애주기별 재무관리, 은퇴, 노후준비 등 다양한 상담을 제공하는 것을 말한다"
금리인하요구권,대출고객(개인 또는 기업)이 금융회사로 부터 대출을 받은후 신용상태나 상환능력이 대출당시 보다 크게 개선되는 경우에는 누구든지 금융회사에 대출금리 인하를 요구할 수 있다
금리리스크,금리리스크란 금리가 금융회사의 재무상태에 불리하게 변동할 때 발생할 수 있는 손실을 말한다
글로벌시스템적중요은행,시스템적 중요 금융회사 중 은행 또는 은행지주회사를 말한다
그림자금융,"전통적인 은행부문이 아니면서 상업은행과 유사한 자금중개기능을 수행함에도 은행과 같은 엄격한 감독,규제를 받지 않는 비은행 금융기관 및 금융활동에 의한 신용중개를 통칭한다"
규모비율,규모비율이란 감사보고서 감리 및 조사 결과 발견된 위반행위의 중요성을 판단하는 기준이다
규모금액,규모금액이란 규모비율을 산출함에 있어 필요한 기준금액을 말한다
국제회계기준,"국제회계기준(IFRS)은 자본시장의 개방 등으로 국제적으로 통일된 회계기준의 필요성이 증가함에 따라 국제회계기준위원회(IASB; International Accounting Standards Board, EU를 중심으로 주요국 15명의 위원으로 구성됨)가 제정한 회계처리 기준을 의미한다"
국제회계감사감독기구회의,"국제회계감사감독기구회의는 2006년 9월 프랑스 파리에서 열린 회의에서 설립된 이후 매년 2회의 총회, 1회의 워크?事?개최하고 있다"
국제회계및보고기준회의,국제회계 및 보고기준회의(ISAR)는 기업 회계 및 감사문제를 전담하는 전문가그룹으로 유엔경제사회이사회 결의에 의해 1982년 UNCTAD 산하기구로 설립되었다
국제증권감독기구,"효율적 시장규제, 국제증권거래 감독 및 기준설정 등 공통의 관심사를 논의하고 상호간 협력을 증진하기 위해 각국 증권감독기관으로 구성된 국제증권감독기구로 1983년 창설되었으며, 금융감독원은 1984년 증권감독원이 가입하여 유지하던 정회원 자격을 승계하여 활동하고 있다"
국제적보험그룹감독을위한공통감독체계,보험권역 국제기구인 국제보험감독자협의회(IAIS)가 규모가 크고 구조가 복잡한 국제적 보험그룹을 효과적으로 감독하기 위해 제정을 추진하고 있는 국제감독기준으로 2020년부터 시행될 예정이다
국제연금감독자기구,국제연금감독자기구(IOPS)는 사적연금의 효과적인 감독을 통해 사적연금의 발전 및 운용효율성 제고를 촉진하고 퇴직급여의 안정성을 제고하기 위해 2004년에 설립되었다
국제보험감독자협의회,"국제보험감독자협의회(IAIS)는 보험의 사회경제적 중요성 확대 및 보험산업의 글로벌화에 따라 각국 보험감독당국간 상호협력 및 정보교환을 목적으로 1994년에 설립되었으며, 현재는 국제보험감독기준 제정, 보험계약자 보호, 금융안정성 제고 등의 역할도 수행하고 있다"
국제결제은행,"1930년 벨기에, 프랑스, 독일, 이탈리아, 영국, 일본 6개국이 독일 전쟁배상금 결제전담기구 설치를 위한 ‘국제결제은행에 관한 협정’을 체결하고 6개국 중앙은행과 미국 민간상업은행이 설립헌장에 서명하여 정식으로 발족되었다"
국내시스템적중요은행,G-SIB으로 선정되지 않더라도 국내 금융시스템 및 경제에 중요한 충격을 미치는 은행을 말한다
구속성예금,"구속성예금이란 은행이 차주에 대한 여신과 연계하여 대출금액의 일정부분을 차주의 의사에 반하여 예금, 적금 등으로 수취하거나 정당한 사유 없이 차주의 예금, 적금 인출 및 해약을 제한하는 행위이다"
구분계리,구분계리는 계약자 배당 등을 위해 보험상품별로 구분하여 손익을 파악하기 위한 회계제도를 말한다
관리신탁,부동산의 소유자가 부동산의 관리 서비스를 받기 위한 목적으로 가입하는 신탁을 말한다
관계형금융,"은행이 기업과의 장기 신뢰관계를 통해 축적한 재무 및 비재무정보를 활용하여 신용도가 낮거나, 담보는 부족하지만 유망한 중소기업에 대해 자금, 경영 컨설팅 등을 지원함으로써 기업의 성장과 함께 사업성과를 공유하는 금융방식을 '관계형금융'이라 한다"
과당매매,증권회사가 고객의 계좌에 대한 지배력을 갖는 것을 계기로 하여 고객의 투자이익보다는 증권회사 또는 그 임직원의 수수료 수익을 증대시키기 위하여 고객계좌의 목적과 성격에 비추어 거래규모나 거래회수 면에서 과도하게 증권거래를 하는 것을 말한다
공인회계사에대한조치,공인회계사에 대한 조치란 감사보고서에 대한 감리결과 공인회계사의 회계감사기준 등 법 위반행위가 발견된 경우 증권선물위원회가 취하는 조치를 말한다
공시주의,증권의 발행에 대한 감독방식은 일반적으로 공시주의와 규제주의로 구분할 수 있다
공시이율," 보험회사가 자사의 운용자산이익률과 객관적인 외부지표 수익률이 반영된 공시기준이율에 회사별 조정률을 감안하여 일정기간(매월, 분기별, 매년 등)마다 고객의 보험금에 적용하는 이율을 말한다"
공모펀드와사모펀드,공모펀드는 자본시장법상 공모(모집ㆍ매출)의 방식으로 투자자를 모으는 펀드를 의미한다
공매도,공매도(Short Selling)란 소유하지 않았거나 차입한 증권을 매도하는 것을 말한다
공동유대,공동유대는 신용협동조합의 설립과 구성원의 자격을 결정하는 기본단위를 말한다
공동보유자,"본인의 합의 또는 계약 등에 의하여 주식등을 공동으로 취득하거나 처분하는 행위, 주식등을 공동 또는 단독으로 취득한 후 그 취득한 주식을 상호 양도 또는 양수하는 행위, 의결권을 공동으로 행사하는 행위를 할 것을 합의한 자로서,  특수관계인과 함께 특별관계자에 해당하여 주식등의 대량보유 상황보고 및 공개매수신고 의무가 발생한다"
공공,"공공VAN은 영세,중소가맹점을 대상으로 VAN업무를 제공하는 VAN사를 말한다"
공격명령서버,"악성 프로그램에 감염된 좀비PC에 스팸메일 전송, 악성코드 유포, DDoS 공격 등 공격자가 원하는 공격을 수행하도록 명령을 내리고, 조종하는 원격지의 제어서버를 의미한다"
공개매수,공개매수는 주권상장법인 등의 의결권 있는 주식 등(전환사채 등 잠재주권 포함)을 증권시장(이와 유사한 시장으로서 해외에 있는 시장 포함) 밖에서 불특정다수인에게 매수의 청약을 하거나 매도의 청약을 권유하여 그 주식 등을 매수하는 행위를 말한다
고정이하여신비율,고정이하여신비율이란 은행의 총여신중 고정이하여신이 차지하는 비율로서 은행의 자산건전성을 나타내는 지표이다
고객알기제도,고객알기제도는 금융회사와 금융시스템을 보호하고 다른 한편으로는 금융에 대한 전문성이 부족한 고객을 보호하기 위하여 금융회사로 하여금 금융거래를 하기 전에 고객에 대한 정보를 파악하도록 하는 제도로서 ‘고객정보파악의무’로도 알려져 있다
계약후알릴의무,보험계약자 또는 피보험자가 보험계약 체결 후 위험이 증가된 사실을 보험회사에 통지하여야 하는 법률상 의무이다
계약체결비용,보험회사가 지출하는 사업비 중 설계사 수당 및 유지 보수등 계약체결에 관련된 모든 비목을 의미한다
계약전알릴의무,보험계약자 또는 피보험자가 보험계약을 청약하고자 할 때 보험계약에 수반된 위험정도를 판단하는데 필요한 중요사항을 회사에 알려야하는 의무를 말한다
계약자배당금,  유배당 상품을 가입한 계약자에게 보험회사 손익의 일부를 계약자의 지분만큼 돌려주는 사후정산 개념의 지급금이다
계약유지율,보험계약의 완전판매도를 나타내는 지표로서 최초 체결된 보험계약이 일정시간이 경과한 후에도 유지되는 비율을 의미한다
계속감사," 회사가 직전 사업연도에 이어 당해 사업연도에도 외부감사대상법인에 해당되어 직전 사업연도의 감사인으로부터 계속 감사를 받는 경우 해당 회계감사를 ""계속감사""라고 한다"
경험위험률,경험위험률이란 일정기간 동안 특정 보험상품 가입자들의 실제 사망률 등을 나타낸 경험사망률을 의미한다
경영평가위원회,금융감독당국으로부터 적기시정조치를 받은 금융회사가 제출하는 경영개선계획에 대한 사전심사를 수행하는 금융감독원장의 자문기구이다
경영참여형집합투자기구,"기업에 대한 경영권 참여목적의 투자를 통해 경영참여, 사업구조 또는 지배구조 개선의 방법으로 투자기업의 가치를 높여 그 수익을 사원에게 배분하는 것을 목적으로 하는 상법상 합자회사 형태의 펀드를 의미한다"
경영실태평가,경영실태평가는 금융회사의 경영부실위험을 적기에 파악ㆍ조치하기 위하여 경영상태 전반을 체계적이고 객관적으로 확인하여 종합적이고 통일적인 방식에 따라 일정한 등급으로 평가하는 제도이다
경성보험사기,"경성보험사기(硬性保險詐欺)란 보험계약에서 담보하는 재해, 상해, 도난, 방화, 기타 손실 등 보험금 지급사유를 의도적으로 발생,각색,조작하는 행위를 말한다"
경기대응적규제,경기대응적 규제는 경기순응성에 따라 시스템리스크가 증가하고 금융위기 발생가능성을 축소하기 위해  신용팽창기(credit boom)에는 강도높게 신용경색기(credit crunch)에는 느슨하게 시스템적으로 중요한 금융회사 또는 금융시스템 전체를 규제하는 것이다
경기대응완충자본,과도한 신용팽창기 이후 경기하락은 은행 부문에 심각하게 큰 손실을 초래할 수 있다
검사품질관리제도,"검사품질관리제도는 매년 검사업무 수행결과 중 표본을 추출하여 등급부여, 지적사항 및 검사서 작성 등이 감독, 검사정책 방향에 부합하고 관련 절차에 따라 처리되었는지를 사후적으로 평가ㆍ심의하는 제도이다"
검사원제척제도,검사원 제척제도란 금융감독원을 퇴직한 금융회사의 감사와 동일부서에서 근무한 경력(당해 금융기관에 대한 검사착수일 또는 상시감시업무 배치일 기준으로 최근 2년 이내에 한함)이 있는 검사원은 당해 금융기관 검사 및 상시감시업무에서 배제하는 제도이다
검사사전예고제도,"검사사전예고제도는 우리원 검사계획을 금융회사에 사전 통지하여 불시 검사실시에 따른 금융회사의 업무부담을 줄이고 불합리한 업무관행을 자율시정토록 기회를 부여함으로써, 검사의 효율성을 제고하기 위해 도입된 제도이다"
검사매뉴얼,"각 금융권역의 검사업무단위별 검사목적과 절차, 체크리스트, 관련 법규 등이 포함된 검사 지침서로서 검사 사전준비과정 및 현장에서 활용한다"
검사,"검사는 금융회사의 업무활동과 경영상태를 분석ㆍ평가하고 금융회사가 취급한 업무가 관계법규에 위배되지 않았는지를 확인ㆍ점검하여 적절한 조치를 취하는 활동으로서, 감독정책이 시장에서 작동되도록 보장할 뿐만 아니라 검사결과 도출된 제반정보를 반영(feedback)하여 보다 실효성 있는 금융감독정책을 수립할 수 있도록 지원하는 기능도 담당한다"
거시건전성감독,거시건전성 감독은 개념적으로 거시경제ㆍ금융환경의 변화에 대응하여 시스템리스크를 적절히 관리하고 금융 시스템의 안정성을 확보하기 위한 감독이다
개인퇴직계좌," 「근로자퇴직급여보장법」 개정에 의해 2012년 7월에 도입되었으며, 개인형퇴직연금제도(기업형)와 개인형퇴직연금제도가 있다"
개인종합자산관리계좌,여러 업권의 다양한 금융상품을 한 계좌에 모아 투자하면서 세제혜택도 받을 수 있는 종합 자산관리 계좌이다
개인정보노출자사고예방시스템,"신분증 분실 등으로 본인의 개인정보가 노출된 금융소비자가 개인정보 노출사실을 동 시스템에 등록하면  신청인의 개인정보(성명, 주민등록번호 등)를 금융회사와 공유함으로써 금융회사로 하여금 당해 신청인 명의의 특정 금융거래(신용카드 발급, 예금계좌 개설 등)시 본인확인에 유의토록 하는 시스템이다"
개인정보보호책임자,"개인정보를 보호ㆍ관리하고, 관련 정책 결정 및 운영 등 개인정보 처리에 관한 전반적인 사항을 결정하며, 이로 인한 제반 결과에 대하여 책임을 지는 자를 말한다"
개인연금,노후에 연금을 지급받을 수 있는 금융상품으로서 납입금에 대해 세액공제 혜택을 제공하는 세제적격개인연금과 세제비적격개인연금으로 구분된다
